CGI_ID,log2FoldChange,SPID,Description,GOID,GOSlim_bin,Feature ID,2M-Total,4M-Total,6m-Total,2M-HS-Total,4M-HS-Total,6M-HS-Total
CGI_10004475,163.546490914811,A0JMK9,Chromatin assembly factor 1 subunit A,GO:0006281,stress response,CGI_10004475,156,100,115,415,158,99
CGI_10004475,163.546490914811,A0JMK9,Chromatin assembly factor 1 subunit A,GO:0006974,stress response,CGI_10004475,156,100,115,415,158,99
CGI_10016442,26.6781790136363,A1L1F6,INO80 complex subunit D-B,GO:0006281,stress response,CGI_10016442,47,66,46,27,6,2
CGI_10016442,26.6781790136363,A1L1F6,INO80 complex subunit D-B,GO:0006974,stress response,CGI_10016442,47,66,46,27,6,2
CGI_10014928,231.251995201207,A4IGL7,Peroxidasin,GO:0006979,stress response,CGI_10014928,323,519,734,33,3,9
CGI_10015472,270.642134198213,A4IGL7,Peroxidasin,GO:0006979,stress response,CGI_10015472,623,547,413,338,56,31
CGI_10014928,231.251995201207,A4IGL7,Peroxidasin,GO:0042744,stress response,CGI_10014928,323,519,734,33,3,9
CGI_10015472,270.642134198213,A4IGL7,Peroxidasin,GO:0042744,stress response,CGI_10015472,623,547,413,338,56,31
CGI_10023034,28.5072076093679,A5PJQ2,Scavenger receptor class A member 5,GO:0034605,stress response,CGI_10023034,80,46,36,25,10,8
CGI_10021948,2061.01671284098,P24928,DNA-directed RNA polymerase II subunit RPB1,GO:0006281,stress response,CGI_10021948,3465,3540,2721,2478,1031,766
CGI_10010309,39.0875849954389,Q9CR14,E3 ubiquitin-protein ligase FANCL,GO:0006974,stress response,CGI_10010309,33,23,26,56,43,38
CGI_10009092,754.79164514419,P21333,Filamin-A,GO:0030168,stress response,CGI_10009092,1626,1307,899,958,376,184
CGI_10012231,52.8182848939444,P21333,Filamin-A,GO:0030168,stress response,CGI_10012231,117,113,88,44,11,9
CGI_10026966,45.1480606703886,P21333,Filamin-A,GO:0030168,stress response,CGI_10026966,85,128,66,26,12,6
CGI_10019308,76.6348577070702,O43299,Protein KIAA0415,GO:0000724,stress response,CGI_10019308,74,60,59,158,71,53
CGI_10013766,767.825000682425,O95714,E3 ubiquitin-protein ligase HERC2,GO:0006974,stress response,CGI_10013766,2058,1452,811,644,219,282
CGI_10021893,20916.4513068239,O95714,E3 ubiquitin-protein ligase HERC2,GO:0006974,stress response,CGI_10021893,42510,48891,43480,4620,2373,4756
CGI_10006937,315.080562124388,Q99814,Endothelial PAS domain-containing protein 1,GO:0043619,stress response,CGI_10006937,676,562,510,419,67,61
CGI_10020490,1302.05601317837,Q9Y6W6,Dual specificity protein phosphatase 10,GO:0045088,stress response,CGI_10020490,3023,3518,2528,328,81,80
CGI_10028237,340.106426112005,P15535,"Beta-1,4-galactosyltransferase 1",GO:0002526,stress response,CGI_10028237,426,244,231,481,352,279
CGI_10004054,760.636370153632,Q9EPU0,Regulator of nonsense transcripts 1,GO:0006281,stress response,CGI_10004054,1558,1469,1005,1011,237,183
CGI_10016441,124.324609675329,Q53TQ3,INO80 complex subunit D,GO:0006281,stress response,CGI_10016441,257,284,197,115,24,22
CGI_10016785,109.778290354552,Q62388,Serine-protein kinase ATM,GO:0008630,stress response,CGI_10016785,70,84,70,138,109,123
CGI_10020490,1302.05601317837,Q9Y6W6,Dual specificity protein phosphatase 10,GO:0032873,stress response,CGI_10020490,3023,3518,2528,328,81,80
CGI_10009053,41.8607633113145,Q0IH86,Structure-specific endonuclease subunit slx1,GO:0006974,stress response,CGI_10009053,41,32,20,115,47,19
CGI_10026714,88.76530293795,Q9UHC1,DNA mismatch repair protein Mlh3,GO:0006298,stress response,CGI_10026714,164,219,141,54,23,21
CGI_10017406,459.344455288952,P97526,Neurofibromin,GO:0001666,stress response,CGI_10017406,935,1177,707,331,96,69
CGI_10006322,524.360652443687,O93309,Structural maintenance of chromosomes protein 3,GO:0006281,stress response,CGI_10006322,578,429,487,893,482,358
CGI_10008245,177.49186034866,Q3L254,Protein Wnt-7b,GO:0046330,stress response,CGI_10008245,369,380,238,209,53,34
CGI_10016787,175.464288326757,Q5ND28,Scavenger receptor class F member 1,GO:0048680,stress response,CGI_10016787,48,101,75,78,238,257
CGI_10019719,25.9550612850314,Q689D1,Toll-like receptor 2,GO:0002221,stress response,CGI_10019719,25,6,11,80,12,28
CGI_10025070,19.538690556665,Q689D1,Toll-like receptor 2,GO:0002221,stress response,CGI_10025070,12,11,6,62,23,11
CGI_10005193,17.1525888870557,Q9QUN7,Toll-like receptor 2,GO:0050830,stress response,CGI_10005193,6,6,11,33,28,12
CGI_10024480,169.67259243723,P55212,Caspase-6,GO:0042542,stress response,CGI_10024480,643,194,226,83,34,61
CGI_10019719,25.9550612850314,Q689D1,Toll-like receptor 2,GO:0045087,stress response,CGI_10019719,25,6,11,80,12,28
CGI_10025070,19.538690556665,Q689D1,Toll-like receptor 2,GO:0045087,stress response,CGI_10025070,12,11,6,62,23,11
CGI_10006263,578.643911551416,Q9QZR5,Homeodomain-interacting protein kinase 2,GO:0006978,stress response,CGI_10006263,1162,1461,788,494,107,136
CGI_10022898,238.191805247597,Q96A56,Tumor protein p53-inducible nuclear protein 1,GO:0006950,stress response,CGI_10022898,510,423,396,252,69,52
CGI_10007635,112.474867529899,Q86QN6,Big defensin,GO:0050830,stress response,CGI_10007635,127,42,45,222,121,104
CGI_10025374,384.819900130773,P20749,B-cell lymphoma 3 protein,GO:0030330,stress response,CGI_10025374,942,806,715,192,54,70
CGI_10009199,263.637997728383,P83673,Lysozyme 1,GO:0050829,stress response,CGI_10009199,536,276,628,129,77,110
CGI_10024241,113.252766122562,Q9NRF2,SH2B adapter protein 1,GO:0007596,stress response,CGI_10024241,218,278,193,69,29,18
CGI_10024242,125.728353279114,Q9NRF2,SH2B adapter protein 1,GO:0007596,stress response,CGI_10024242,237,274,215,109,28,28
CGI_10002386,28.9667509841899,P84675,Putative fungistatic metabolite,GO:0050832,stress response,CGI_10002386,4,19,7,26,68,20
CGI_10003839,92.2289778016409,Q8IYD8,Fanconi anemia group M protein,GO:0006281,stress response,CGI_10003839,66,48,66,227,92,67
CGI_10007635,112.474867529899,Q86QN6,Big defensin,GO:0050829,stress response,CGI_10007635,127,42,45,222,121,104
CGI_10001591,172.918212276441,P48025,Tyrosine-protein kinase SYK,GO:0042742,stress response,CGI_10001591,317,348,223,240,60,43
CGI_10014927,788.590175315292,Q92626,Peroxidasin homolog,GO:0006979,stress response,CGI_10014927,1045,1231,2867,174,73,37
CGI_10026985,2221.45631990722,Q9UGM3,Deleted in malignant brain tumors 1 protein,GO:0009611,stress response,CGI_10026985,6752,2619,3930,2011,404,552
CGI_10020700,44.2185270840593,Q9UGM3,Deleted in malignant brain tumors 1 protein,GO:0009611,stress response,CGI_10020700,29,33,21,56,80,27
CGI_10013874,1044.23962929572,Q9UGM3,Deleted in malignant brain tumors 1 protein,GO:0009611,stress response,CGI_10013874,2118,1723,1884,1007,440,188
CGI_10014861,882.071952598336,P61088,Ubiquitin-conjugating enzyme E2 N,GO:0034142,stress response,CGI_10014861,933,676,774,1404,725,756
CGI_10000281,221.107640822719,Q62737,Cytochrome b-245 light chain,GO:0045087,stress response,CGI_10000281,244,178,135,434,228,149
CGI_10015032,227.42469037491,P14099,"cGMP-dependent 3',5'-cyclic phosphodiesterase",GO:0050729,stress response,CGI_10015032,391,347,336,276,108,86
CGI_10017097,56.3312839349558,Q2T9S3,DNA-directed RNA polymerase III subunit RPC6,GO:0045089,stress response,CGI_10017097,53,42,27,101,55,52
CGI_10026092,133.294388954684,Q99836,Myeloid differentiation primary response protein MyD88,GO:0046330,stress response,CGI_10026092,321,246,157,171,35,37
CGI_10004837,133.548660136011,Q04861,Nuclear factor NF-kappa-B p105 subunit,GO:0034134,stress response,CGI_10004837,297,167,349,53,18,39
CGI_10016949,3394.35801357187,Q04861,Nuclear factor NF-kappa-B p105 subunit,GO:0034134,stress response,CGI_10016949,9877,5857,4097,3895,483,941
CGI_10006022,1048.79756300288,Q9ESN9,C-Jun-amino-terminal kinase-interacting protein 3,GO:0046328,stress response,CGI_10006022,1811,1666,1329,1308,555,422
CGI_10020490,1302.05601317837,Q9Y6W6,Dual specificity protein phosphatase 10,GO:0046329,stress response,CGI_10020490,3023,3518,2528,328,81,80
CGI_10007023,142.129380752628,Q4AEH5,Glutathione peroxidase 3,GO:0006979,stress response,CGI_10007023,95,100,97,244,224,75
CGI_10004110,2380.46039786337,O08623,Sequestosome-1,GO:0016236,stress response,CGI_10004110,5961,4354,4123,991,655,654
CGI_10008964,2811.79206084391,P39429,TNF receptor-associated factor 2,GO:0043507,stress response,CGI_10008964,5765,3428,6981,1322,690,915
CGI_10027674,202.698558513655,P39429,TNF receptor-associated factor 2,GO:0043507,stress response,CGI_10027674,461,448,296,117,68,45
CGI_10006861,20.9528375763776,P40692,DNA mismatch repair protein Mlh1,GO:0001666,stress response,CGI_10006861,50,33,32,18,11,4
CGI_10012235,189.224851524398,Q8BG60,Thioredoxin-interacting protein,GO:0042542,stress response,CGI_10012235,416,359,384,193,37,8
CGI_10009199,263.637997728383,P83673,Lysozyme 1,GO:0050830,stress response,CGI_10009199,536,276,628,129,77,110
CGI_10003839,92.2289778016409,Q8IYD8,Fanconi anemia group M protein,GO:0031297,stress response,CGI_10003839,66,48,66,227,92,67
CGI_10021478,61.9245035065088,Q8IPH9,Slowpoke-binding protein,GO:0042594,stress response,CGI_10021478,142,101,104,40,26,17
CGI_10028173,75.500365653603,P11021,78 kDa glucose-regulated protein,GO:0042149,stress response,CGI_10028173,60,161,181,40,32,19
CGI_10005058,89.3760678628951,Q9ERD9,"Indoleamine 2,3-dioxygenase 1",GO:0033555,stress response,CGI_10005058,105,54,53,190,79,71
CGI_10010256,62.8967152943753,P32870,Ca(2+)/calmodulin-responsive adenylate cyclase,GO:0009408,stress response,CGI_10010256,127,88,102,49,34,23
CGI_10016955,1285.37838080566,Q14164,Inhibitor of nuclear factor kappa-B kinase subunit epsilon,GO:0006974,stress response,CGI_10016955,3026,2683,1821,999,372,298
CGI_10028572,14.749257876319,Q6WRI0,Immunoglobulin superfamily member 10,GO:0042246,stress response,CGI_10028572,4,8,1,51,18,10
CGI_10010309,39.0875849954389,Q9CR14,E3 ubiquitin-protein ligase FANCL,GO:0006281,stress response,CGI_10010309,33,23,26,56,43,38
CGI_10014035,112.530027169801,Q9BYX4,Interferon-induced helicase C domain-containing protein 1,GO:0045087,stress response,CGI_10014035,242,349,138,72,12,15
CGI_10020752,82.7960498915624,Q9BYX4,Interferon-induced helicase C domain-containing protein 1,GO:0045087,stress response,CGI_10020752,147,187,149,58,28,13
CGI_10016785,109.778290354552,Q62388,Serine-protein kinase ATM,GO:0006974,stress response,CGI_10016785,70,84,70,138,109,123
CGI_10002510,122.512146976308,P00184,Cytochrome P450 1A1,GO:0009611,stress response,CGI_10002510,348,369,134,41,15,12
CGI_10028237,340.106426112005,P15535,"Beta-1,4-galactosyltransferase 1",GO:0060055,stress response,CGI_10028237,426,244,231,481,352,279
CGI_10016154,2854.75844876853,Q60769,Tumor necrosis factor alpha-induced protein 3,GO:0050728,stress response,CGI_10016154,6363,5279,5456,1936,400,785
CGI_10014929,293.651345824164,Q91WT9,Cystathionine beta-synthase,GO:0043506,stress response,CGI_10014929,647,471,328,307,125,133
CGI_10028237,340.106426112005,P15535,"Beta-1,4-galactosyltransferase 1",GO:0060054,stress response,CGI_10028237,426,244,231,481,352,279
CGI_10009488,159.593580610687,P85008,Defensin-1,GO:0006952,stress response,CGI_10009488,169,80,78,259,182,148
CGI_10017553,1416.10783277473,Q16829,Dual specificity protein phosphatase 7,GO:0034134,stress response,CGI_10017553,2936,2922,1932,1556,399,363
CGI_10003897,232.249032506526,Q15418,Ribosomal protein S6 kinase alpha-1,GO:0034138,stress response,CGI_10003897,371,505,310,284,94,59
CGI_10028272,152.19132658835,P05164,Myeloperoxidase,GO:0006952,stress response,CGI_10028272,430,185,272,147,47,28
CGI_10023576,17.1762570448327,Q9NUS5,Protein C20orf29,GO:0000724,stress response,CGI_10023576,11,4,11,31,21,17
CGI_10023920,252.287492988602,Q498J5,Mitochondria-eating protein,GO:0033554,stress response,CGI_10023920,511,631,268,247,91,55
CGI_10002384,2548.94997132267,P12545,Plasminogen,GO:0042730,stress response,CGI_10002384,282,296,185,3867,5490,2397
CGI_10015294,103.806960326379,P51452,Dual specificity protein phosphatase 3,GO:0045087,stress response,CGI_10015294,221,103,231,67,41,37
CGI_10015616,57.6025590163089,P51452,Dual specificity protein phosphatase 3,GO:0045087,stress response,CGI_10015616,86,98,124,38,27,14
CGI_10020751,210.909713482814,P51452,Dual specificity protein phosphatase 3,GO:0045087,stress response,CGI_10020751,130,132,147,353,385,86
CGI_10026985,2221.45631990722,Q9UGM3,Deleted in malignant brain tumors 1 protein,GO:0045087,stress response,CGI_10026985,6752,2619,3930,2011,404,552
CGI_10020700,44.2185270840593,Q9UGM3,Deleted in malignant brain tumors 1 protein,GO:0045087,stress response,CGI_10020700,29,33,21,56,80,27
CGI_10013874,1044.23962929572,Q9UGM3,Deleted in malignant brain tumors 1 protein,GO:0045087,stress response,CGI_10013874,2118,1723,1884,1007,440,188
CGI_10010444,44.4710533734838,P80010,Plasminogen,GO:0007596,stress response,CGI_10010444,143,55,74,46,6,9
CGI_10010444,44.4710533734838,P80010,Plasminogen,GO:0042730,stress response,CGI_10010444,143,55,74,46,6,9
CGI_10017307,226.063902257107,P04179,"Superoxide dismutase [Mn], mitochondrial",GO:0006950,stress response,CGI_10017307,224,189,155,281,269,182
CGI_10017879,19.3321866391682,O09037,Regenerating islet-derived protein 3-alpha,GO:0006953,stress response,CGI_10017879,67,39,17,13,5,4
CGI_10016528,166.498005911522,Q5F3L1,Ribosomal protein S6 kinase alpha-5,GO:0006950,stress response,CGI_10016528,295,395,190,215,63,33
CGI_10002510,122.512146976308,P00184,Cytochrome P450 1A1,GO:0009635,stress response,CGI_10002510,348,369,134,41,15,12
CGI_10011985,43.6826001880385,O70583,Midline-1,GO:0032874,stress response,CGI_10011985,14,38,18,78,55,40
CGI_10026580,90.9864833993259,O70583,Midline-1,GO:0032874,stress response,CGI_10026580,81,75,65,165,93,68
CGI_10026714,88.76530293795,Q9UHC1,DNA mismatch repair protein Mlh3,GO:0006974,stress response,CGI_10026714,164,219,141,54,23,21
CGI_10010646,20629.6632594935,Q91233,Heat shock 70 kDa protein,GO:0006950,stress response,CGI_10010646,11344,4954,6288,23889,33922,22979
CGI_10023718,91.1969772682913,Q63118,Calcitonin gene-related peptide type 1 receptor,GO:0050728,stress response,CGI_10023718,161,148,141,97,39,34
CGI_10006022,1048.79756300288,Q9ESN9,C-Jun-amino-terminal kinase-interacting protein 3,GO:0007254,stress response,CGI_10006022,1811,1666,1329,1308,555,422
CGI_10005193,17.1525888870557,Q9QUN7,Toll-like receptor 2,GO:0045087,stress response,CGI_10005193,6,6,11,33,28,12
CGI_10028173,75.500365653603,P11021,78 kDa glucose-regulated protein,GO:0007596,stress response,CGI_10028173,60,161,181,40,32,19
CGI_10026092,133.294388954684,Q99836,Myeloid differentiation primary response protein MyD88,GO:0034130,stress response,CGI_10026092,321,246,157,171,35,37
CGI_10028653,51.6885824593501,Q8TCS8,"Polyribonucleotide nucleotidyltransferase 1, mitochondrial",GO:0034599,stress response,CGI_10028653,45,42,22,91,58,44
CGI_10014894,84.1321612447084,Q8K203,Endonuclease 8-like 3,GO:0006281,stress response,CGI_10014894,48,39,35,110,171,52
CGI_10010918,722.143613392506,B2RUP2,Protein unc-13 homolog D,GO:0002432,stress response,CGI_10010918,1097,1323,1327,407,204,364
CGI_10007406,163.105627819279,P41154,Heat shock factor protein,GO:0006950,stress response,CGI_10007406,382,287,201,167,80,39
CGI_10021948,2061.01671284098,P24928,DNA-directed RNA polymerase II subunit RPB1,GO:0006283,stress response,CGI_10021948,3465,3540,2721,2478,1031,766
CGI_10027605,746.217832583348,P55008,Allograft inflammatory factor 1,GO:0006954,stress response,CGI_10027605,450,281,705,1308,558,857
CGI_10024989,971.695066531661,Q8BKX6,Serine/threonine-protein kinase SMG1,GO:0006281,stress response,CGI_10024989,1747,1954,1495,1393,251,179
CGI_10005227,193.747824379674,Q9FT72,ATP-dependent DNA helicase Q-like 3,GO:0000733,stress response,CGI_10005227,746,162,357,105,49,31
CGI_10027862,525.489226258192,P25490,Transcriptional repressor protein YY1,GO:0000724,stress response,CGI_10027862,1261,1091,657,517,173,106
CGI_10013766,767.825000682425,O95714,E3 ubiquitin-protein ligase HERC2,GO:0006281,stress response,CGI_10013766,2058,1452,811,644,219,282
CGI_10021893,20916.4513068239,O95714,E3 ubiquitin-protein ligase HERC2,GO:0006281,stress response,CGI_10021893,42510,48891,43480,4620,2373,4756
CGI_10012993,362.961499468768,P15043,ATP-dependent DNA helicase recQ,GO:0006974,stress response,CGI_10012993,165,297,59,549,743,198
CGI_10013249,232.731819266876,Q9UKK3,Poly [ADP-ribose] polymerase 4,GO:0006974,stress response,CGI_10013249,465,427,312,307,76,66
CGI_10010949,11030.3795549702,Q58DT4,"Pyrroline-5-carboxylate reductase 1, mitochondrial",GO:0006950,stress response,CGI_10010949,23777,26916,24517,2583,1490,514
CGI_10016154,2854.75844876853,Q60769,Tumor necrosis factor alpha-induced protein 3,GO:0070429,stress response,CGI_10016154,6363,5279,5456,1936,400,785
CGI_10018522,329.225749564293,P22411,Dipeptidyl peptidase 4,GO:0001666,stress response,CGI_10018522,731,493,449,351,200,76
CGI_10017307,226.063902257107,P04179,"Superoxide dismutase [Mn], mitochondrial",GO:0001306,stress response,CGI_10017307,224,189,155,281,269,182
CGI_10006848,1523.53616930957,P35611,Alpha-adducin,GO:0030968,stress response,CGI_10006848,2984,3213,1971,1581,547,423
CGI_10022651,1129.28762983919,O89049,"Thioredoxin reductase 1, cytoplasmic",GO:0042744,stress response,CGI_10022651,2989,2188,1646,958,217,249
CGI_10016154,2854.75844876853,Q60769,Tumor necrosis factor alpha-induced protein 3,GO:0045088,stress response,CGI_10016154,6363,5279,5456,1936,400,785
CGI_10028411,5640.55352863014,Q8HZK2,Dual oxidase 2,GO:0006979,stress response,CGI_10028411,10230,9080,7981,5031,2908,2402
CGI_10006485,152.483192323999,Q9UNA4,DNA polymerase iota,GO:0006974,stress response,CGI_10006485,127,54,60,204,246,134
CGI_10020367,85.1092111500783,P32240,Prostaglandin E2 receptor EP4 subtype,GO:0050728,stress response,CGI_10020367,97,55,44,172,105,52
CGI_10021243,52.0338860581797,Q15392,Delta(24)-sterol reductase,GO:0006979,stress response,CGI_10021243,100,157,47,35,15,14
CGI_10005193,17.1525888870557,Q9QUN7,Toll-like receptor 2,GO:0002752,stress response,CGI_10005193,6,6,11,33,28,12
CGI_10026605,1514.84039699336,Q91XA9,Acidic mammalian chitinase,GO:0002532,stress response,CGI_10026605,4766,2538,2426,1311,232,170
CGI_10012178,74.557917191942,P05556,Integrin beta-1,GO:0006968,stress response,CGI_10012178,160,90,137,67,32,25
CGI_10002662,186.860648401676,P51948,CDK-activating kinase assembly factor MAT1,GO:0006281,stress response,CGI_10002662,223,98,77,384,224,133
CGI_10002845,88.2202067580363,Q9U6M0,"Evolutionarily conserved signaling intermediate in Toll pathway, mitochondrial",GO:0045087,stress response,CGI_10002845,90,42,79,165,80,73
CGI_10026092,133.294388954684,Q99836,Myeloid differentiation primary response protein MyD88,GO:0002224,stress response,CGI_10026092,321,246,157,171,35,37
CGI_10019719,25.9550612850314,Q689D1,Toll-like receptor 2,GO:0034123,stress response,CGI_10019719,25,6,11,80,12,28
CGI_10025070,19.538690556665,Q689D1,Toll-like receptor 2,GO:0034123,stress response,CGI_10025070,12,11,6,62,23,11
CGI_10028237,340.106426112005,P15535,"Beta-1,4-galactosyltransferase 1",GO:0042060,stress response,CGI_10028237,426,244,231,481,352,279
CGI_10028457,254.170260075121,Q29RP1,Ubiquitin carboxyl-terminal hydrolase 1,GO:0006281,stress response,CGI_10028457,309,162,194,486,250,174
CGI_10009488,159.593580610687,P85008,Defensin-1,GO:0042742,stress response,CGI_10009488,169,80,78,259,182,148
CGI_10010627,34.21276381666,P18654,Ribosomal protein S6 kinase alpha-3,GO:0002224,stress response,CGI_10010627,60,87,40,32,12,9
CGI_10010785,1315.81641370881,P08962,CD63 antigen,GO:0030168,stress response,CGI_10010785,2478,2595,1637,1578,563,370
CGI_10017553,1416.10783277473,Q16829,Dual specificity protein phosphatase 7,GO:0002755,stress response,CGI_10017553,2936,2922,1932,1556,399,363
CGI_10016395,584.358735083218,Q9QZ05,Eukaryotic translation initiation factor 2-alpha kinase 4,GO:0043558,stress response,CGI_10016395,1889,1018,1206,146,33,65
CGI_10004837,133.548660136011,Q04861,Nuclear factor NF-kappa-B p105 subunit,GO:0034138,stress response,CGI_10004837,297,167,349,53,18,39
CGI_10016949,3394.35801357187,Q04861,Nuclear factor NF-kappa-B p105 subunit,GO:0034138,stress response,CGI_10016949,9877,5857,4097,3895,483,941
CGI_10017582,19820.6695891291,P04792,Heat shock protein beta-1,GO:0006986,stress response,CGI_10017582,16267,10373,11653,20749,27270,19561
CGI_10009763,376.24775659698,Q14790,Caspase-8,GO:0070423,stress response,CGI_10009763,771,476,1080,89,40,111
CGI_10012993,362.961499468768,P15043,ATP-dependent DNA helicase recQ,GO:0009432,stress response,CGI_10012993,165,297,59,549,743,198
CGI_10001441,46.2480488833555,O60870,DNA/RNA-binding protein KIN17,GO:0006281,stress response,CGI_10001441,29,27,29,94,46,43
CGI_10026303,853.869360427904,P53567,CCAAT/enhancer-binding protein gamma,GO:0045739,stress response,CGI_10026303,2586,1520,1643,147,167,139
CGI_10026304,5279.75792124033,P53567,CCAAT/enhancer-binding protein gamma,GO:0045739,stress response,CGI_10026304,11349,9184,8449,1819,2554,1998
CGI_10006937,315.080562124388,Q99814,Endothelial PAS domain-containing protein 1,GO:0006979,stress response,CGI_10006937,676,562,510,419,67,61
CGI_10017307,226.063902257107,P04179,"Superoxide dismutase [Mn], mitochondrial",GO:0000303,stress response,CGI_10017307,224,189,155,281,269,182
CGI_10021739,917.994708260822,Q8SPE8,Toll-like receptor 4,GO:0045087,stress response,CGI_10021739,1606,1685,1405,829,461,272
CGI_10016757,56.7287687357231,Q6IDD9,Sterile alpha and TIR motif-containing protein 1,GO:0045087,stress response,CGI_10016757,124,146,75,32,10,16
CGI_10028328,94.4232543385279,Q8WTR2,Dual specificity protein phosphatase 19,GO:0046329,stress response,CGI_10028328,195,123,238,58,15,26
CGI_10025604,163.97844837406,O75460,Serine/threonine-protein kinase/endoribonuclease IRE1,GO:0006986,stress response,CGI_10025604,424,280,255,160,38,36
CGI_10006861,20.9528375763776,P40692,DNA mismatch repair protein Mlh1,GO:0006281,stress response,CGI_10006861,50,33,32,18,11,4
CGI_10018220,414.155816034045,P52434,"DNA-directed RNA polymerases I, II, and III subunit RPABC3",GO:0006289,stress response,CGI_10018220,876,700,877,235,124,85
CGI_10003308,242.649986903863,P49139,MAP kinase-activated protein kinase 2,GO:0006954,stress response,CGI_10003308,456,465,463,183,71,56
CGI_10011163,190.792393701731,Q5ZHN3,WD repeat domain phosphoinositide-interacting protein 2,GO:0016236,stress response,CGI_10011163,315,459,298,134,68,46
CGI_10017553,1416.10783277473,Q16829,Dual specificity protein phosphatase 7,GO:0051403,stress response,CGI_10017553,2936,2922,1932,1556,399,363
CGI_10003144,76.3678485048606,Q8IUN9,C-type lectin domain family 10 member A,GO:0045087,stress response,CGI_10003144,41,32,61,85,85,91
CGI_10010668,69.6717822875831,P20585,DNA mismatch repair protein Msh3,GO:0006974,stress response,CGI_10010668,70,52,32,151,64,57
CGI_10010601,128.708969543313,Q9QYS1,Protein Wnt-16,GO:0046330,stress response,CGI_10010601,239,233,351,65,2,21
CGI_10025034,265.905261633505,Q9Y6T7,Diacylglycerol kinase beta,GO:0007596,stress response,CGI_10025034,559,355,356,313,145,96
CGI_10026121,83.6405290929882,P51661,Corticosteroid 11-beta-dehydrogenase isozyme 2,GO:0006950,stress response,CGI_10026121,95,192,142,57,41,26
CGI_10013090,555.486590251038,P25119,Tumor necrosis factor receptor superfamily member 1B,GO:0050728,stress response,CGI_10013090,1470,1032,817,692,53,98
CGI_10010918,722.143613392506,B2RUP2,Protein unc-13 homolog D,GO:0051607,stress response,CGI_10010918,1097,1323,1327,407,204,364
CGI_10016785,109.778290354552,Q62388,Serine-protein kinase ATM,GO:0001666,stress response,CGI_10016785,70,84,70,138,109,123
CGI_10003652,355.28926307845,Q3U1V8,Mitogen-activated protein kinase kinase kinase 9,GO:0006950,stress response,CGI_10003652,828,722,596,214,94,76
CGI_10015294,103.806960326379,P51452,Dual specificity protein phosphatase 3,GO:0002756,stress response,CGI_10015294,221,103,231,67,41,37
CGI_10015616,57.6025590163089,P51452,Dual specificity protein phosphatase 3,GO:0002756,stress response,CGI_10015616,86,98,124,38,27,14
CGI_10020751,210.909713482814,P51452,Dual specificity protein phosphatase 3,GO:0002756,stress response,CGI_10020751,130,132,147,353,385,86
CGI_10026977,41.9922411407022,Q9NY25,C-type lectin domain family 5 member A,GO:0045087,stress response,CGI_10026977,105,76,67,17,24,6
CGI_10010220,16.7517620316998,O43715,TP53-regulated inhibitor of apoptosis 1,GO:0006977,stress response,CGI_10010220,6,9,8,32,27,12
CGI_10010627,34.21276381666,P18654,Ribosomal protein S6 kinase alpha-3,GO:0006950,stress response,CGI_10010627,60,87,40,32,12,9
CGI_10003087,172.5785784696,Q5R652,Cell cycle checkpoint protein RAD17,GO:0006281,stress response,CGI_10003087,236,63,94,355,168,141
CGI_10006185,74.8044471706068,Q5ZJB4,Inhibitor of nuclear factor kappa-B kinase subunit alpha,GO:0034138,stress response,CGI_10006185,168,145,96,72,37,14
CGI_10008605,47.0460785416014,Q03112,MDS1 and EVI1 complex locus protein EVI1,GO:0006954,stress response,CGI_10008605,133,93,56,24,21,10
CGI_10009791,167.923319111264,Q9Y6R4,Mitogen-activated protein kinase kinase kinase 4,GO:0043507,stress response,CGI_10009791,203,122,93,253,230,104
CGI_10009199,263.637997728383,P83673,Lysozyme 1,GO:0042742,stress response,CGI_10009199,536,276,628,129,77,110
CGI_10010668,69.6717822875831,P20585,DNA mismatch repair protein Msh3,GO:0006281,stress response,CGI_10010668,70,52,32,151,64,57
CGI_10011819,3962.84216183991,O08605,MAP kinase-interacting serine/threonine-protein kinase 1,GO:0006950,stress response,CGI_10011819,9840,6810,6959,2519,956,1048
CGI_10010459,1094.40657609481,Q8R5F7,Interferon-induced helicase C domain-containing protein 1,GO:0045087,stress response,CGI_10010459,2211,1475,1672,1055,450,506
CGI_10022973,466.326556306008,Q8R5F7,Interferon-induced helicase C domain-containing protein 1,GO:0045087,stress response,CGI_10022973,823,1199,601,363,175,105
CGI_10017553,1416.10783277473,Q16829,Dual specificity protein phosphatase 7,GO:0034142,stress response,CGI_10017553,2936,2922,1932,1556,399,363
CGI_10023741,174.455590908134,Q9P287,BRCA2 and CDKN1A-interacting protein,GO:0006974,stress response,CGI_10023741,220,117,89,355,131,158
CGI_10008605,47.0460785416014,Q03112,MDS1 and EVI1 complex locus protein EVI1,GO:0046329,stress response,CGI_10008605,133,93,56,24,21,10
CGI_10006185,74.8044471706068,Q5ZJB4,Inhibitor of nuclear factor kappa-B kinase subunit alpha,GO:0002218,stress response,CGI_10006185,168,145,96,72,37,14
CGI_10016154,2854.75844876853,Q60769,Tumor necrosis factor alpha-induced protein 3,GO:0034148,stress response,CGI_10016154,6363,5279,5456,1936,400,785
CGI_10007294,149.454745616895,O70445,BRCA1-associated RING domain protein 1,GO:0006281,stress response,CGI_10007294,112,51,68,341,153,145
CGI_10005058,89.3760678628951,Q9ERD9,"Indoleamine 2,3-dioxygenase 1",GO:0002534,stress response,CGI_10005058,105,54,53,190,79,71
CGI_10016406,47.2201097530153,Q32LE3,Centrin-1,GO:0034605,stress response,CGI_10016406,39,21,13,60,102,25
CGI_10018476,119.183172719004,P83298,"Fibrinolytic enzyme, isozyme C",GO:0042730,stress response,CGI_10018476,102,97,38,246,79,135
CGI_10019308,76.6348577070702,O43299,Protein KIAA0415,GO:0006281,stress response,CGI_10019308,74,60,59,158,71,53
CGI_10002984,59.4725398956662,P27512,Tumor necrosis factor receptor superfamily member 5,GO:0051607,stress response,CGI_10002984,139,115,105,60,10,8
CGI_10028173,75.500365653603,P11021,78 kDa glucose-regulated protein,GO:0030168,stress response,CGI_10028173,60,161,181,40,32,19
CGI_10017875,107.083031353742,P07207,Neurogenic locus Notch protein,GO:0046329,stress response,CGI_10017875,90,49,75,165,110,110
CGI_10007294,149.454745616895,O70445,BRCA1-associated RING domain protein 1,GO:0006974,stress response,CGI_10007294,112,51,68,341,153,145
CGI_10023741,174.455590908134,Q9P287,BRCA2 and CDKN1A-interacting protein,GO:0006281,stress response,CGI_10023741,220,117,89,355,131,158
CGI_10021948,2061.01671284098,P24928,DNA-directed RNA polymerase II subunit RPB1,GO:0006289,stress response,CGI_10021948,3465,3540,2721,2478,1031,766
CGI_10006022,1048.79756300288,Q9ESN9,C-Jun-amino-terminal kinase-interacting protein 3,GO:0007257,stress response,CGI_10006022,1811,1666,1329,1308,555,422
CGI_10010785,1315.81641370881,P08962,CD63 antigen,GO:0007596,stress response,CGI_10010785,2478,2595,1637,1578,563,370
CGI_10004703,823.249408002986,Q99KH8,Serine/threonine-protein kinase 24,GO:0048679,stress response,CGI_10004703,1518,1297,1515,777,228,305
CGI_10015294,103.806960326379,P51452,Dual specificity protein phosphatase 3,GO:0034142,stress response,CGI_10015294,221,103,231,67,41,37
CGI_10015616,57.6025590163089,P51452,Dual specificity protein phosphatase 3,GO:0034142,stress response,CGI_10015616,86,98,124,38,27,14
CGI_10020751,210.909713482814,P51452,Dual specificity protein phosphatase 3,GO:0034142,stress response,CGI_10020751,130,132,147,353,385,86
CGI_10015294,103.806960326379,P51452,Dual specificity protein phosphatase 3,GO:0002224,stress response,CGI_10015294,221,103,231,67,41,37
CGI_10015616,57.6025590163089,P51452,Dual specificity protein phosphatase 3,GO:0002224,stress response,CGI_10015616,86,98,124,38,27,14
CGI_10020751,210.909713482814,P51452,Dual specificity protein phosphatase 3,GO:0002224,stress response,CGI_10020751,130,132,147,353,385,86
CGI_10011163,190.792393701731,Q5ZHN3,WD repeat domain phosphoinositide-interacting protein 2,GO:0000045,stress response,CGI_10011163,315,459,298,134,68,46
CGI_10009495,8074.27288304526,O89114,DnaJ homolog subfamily B member 5,GO:0006986,stress response,CGI_10009495,4983,2759,3845,6061,8731,12216
CGI_10009603,191.591886695587,Q80VI1,E3 ubiquitin-protein ligase TRIM56,GO:0045087,stress response,CGI_10009603,183,366,561,79,58,30
CGI_10019308,76.6348577070702,O43299,Protein KIAA0415,GO:0006974,stress response,CGI_10019308,74,60,59,158,71,53
CGI_10004837,133.548660136011,Q04861,Nuclear factor NF-kappa-B p105 subunit,GO:0034142,stress response,CGI_10004837,297,167,349,53,18,39
CGI_10016949,3394.35801357187,Q04861,Nuclear factor NF-kappa-B p105 subunit,GO:0034142,stress response,CGI_10016949,9877,5857,4097,3895,483,941
CGI_10019686,374.727269660857,O43909,Exostosin-like 3,GO:0030968,stress response,CGI_10019686,373,288,255,550,468,267
CGI_10020124,84.3978684253882,P20918,Plasminogen,GO:0042730,stress response,CGI_10020124,48,27,51,112,83,113
CGI_10013249,232.731819266876,Q9UKK3,Poly [ADP-ribose] polymerase 4,GO:0006954,stress response,CGI_10013249,465,427,312,307,76,66
CGI_10002385,494.929698666009,Q01177,Plasminogen,GO:0042730,stress response,CGI_10002385,254,129,270,597,953,384
CGI_10004649,52.9724328348116,Q01177,Plasminogen,GO:0042730,stress response,CGI_10004649,119,91,91,32,10,22
CGI_10014927,788.590175315292,Q92626,Peroxidasin homolog,GO:0042744,stress response,CGI_10014927,1045,1231,2867,174,73,37
CGI_10023576,17.1762570448327,Q9NUS5,Protein C20orf29,GO:0006281,stress response,CGI_10023576,11,4,11,31,21,17
CGI_10011979,17.0312869841008,O15457,MutS protein homolog 4,GO:0006298,stress response,CGI_10011979,11,7,8,29,23,16
CGI_10024264,1393.80802339998,P26670,3 beta-hydroxysteroid dehydrogenase/Delta 5-->4-isomerase,GO:0030683,stress response,CGI_10024264,1533,1097,1125,2068,1628,916
CGI_10003087,172.5785784696,Q5R652,Cell cycle checkpoint protein RAD17,GO:0006974,stress response,CGI_10003087,236,63,94,355,168,141
CGI_10006861,20.9528375763776,P40692,DNA mismatch repair protein Mlh1,GO:0008630,stress response,CGI_10006861,50,33,32,18,11,4
CGI_10022383,131.471964066178,P42297,Universal stress protein YxiE,GO:0006950,stress response,CGI_10022383,325,325,210,65,37,5
CGI_10014861,882.071952598336,P61088,Ubiquitin-conjugating enzyme E2 N,GO:0034134,stress response,CGI_10014861,933,676,774,1404,725,756
CGI_10009791,167.923319111264,Q9Y6R4,Mitogen-activated protein kinase kinase kinase 4,GO:0007254,stress response,CGI_10009791,203,122,93,253,230,104
CGI_10025374,384.819900130773,P20749,B-cell lymphoma 3 protein,GO:0042832,stress response,CGI_10025374,942,806,715,192,54,70
CGI_10006861,20.9528375763776,P40692,DNA mismatch repair protein Mlh1,GO:0006974,stress response,CGI_10006861,50,33,32,18,11,4
CGI_10004515,117.110077750599,Q13426,DNA repair protein XRCC4,GO:0006302,stress response,CGI_10004515,113,63,63,222,149,85
CGI_10003480,54.5141286250148,Q9QXM0,Abhydrolase domain-containing protein 2,GO:0009611,stress response,CGI_10003480,144,64,140,15,8,13
CGI_10004330,580.300964271801,Q9QXM0,Abhydrolase domain-containing protein 2,GO:0009611,stress response,CGI_10004330,1116,887,979,610,229,184
CGI_10016946,570.991496377265,Q03001,Dystonin,GO:0009611,stress response,CGI_10016946,1304,1043,948,726,97,90
CGI_10015294,103.806960326379,P51452,Dual specificity protein phosphatase 3,GO:0034138,stress response,CGI_10015294,221,103,231,67,41,37
CGI_10015616,57.6025590163089,P51452,Dual specificity protein phosphatase 3,GO:0034138,stress response,CGI_10015616,86,98,124,38,27,14
CGI_10020751,210.909713482814,P51452,Dual specificity protein phosphatase 3,GO:0034138,stress response,CGI_10020751,130,132,147,353,385,86
CGI_10002594,36276.4048794016,O97125,Heat shock protein 68,GO:0006950,stress response,CGI_10002594,3815,3966,1946,26709,91702,34989
CGI_10002823,6351.11703357308,O97125,Heat shock protein 68,GO:0006950,stress response,CGI_10002823,262,51,118,9155,13059,7221
CGI_10010647,21136.2325043237,O97125,Heat shock protein 68,GO:0006950,stress response,CGI_10010647,1755,3719,266,12964,60738,16012
CGI_10001591,172.918212276441,P48025,Tyrosine-protein kinase SYK,GO:0002554,stress response,CGI_10001591,317,348,223,240,60,43
CGI_10010220,16.7517620316998,O43715,TP53-regulated inhibitor of apoptosis 1,GO:0030330,stress response,CGI_10010220,6,9,8,32,27,12
CGI_10014747,340.382773643258,Q15797,Mothers against decapentaplegic homolog 1,GO:0042060,stress response,CGI_10014747,660,905,517,288,59,45
CGI_10028173,75.500365653603,P11021,78 kDa glucose-regulated protein,GO:0006987,stress response,CGI_10028173,60,161,181,40,32,19
CGI_10006185,74.8044471706068,Q5ZJB4,Inhibitor of nuclear factor kappa-B kinase subunit alpha,GO:0034142,stress response,CGI_10006185,168,145,96,72,37,14
CGI_10009488,159.593580610687,P85008,Defensin-1,GO:0045087,stress response,CGI_10009488,169,80,78,259,182,148
CGI_10019401,308.430701539086,Q60803,TNF receptor-associated factor 3,GO:0002224,stress response,CGI_10019401,744,612,468,233,88,67
CGI_10026573,203.014652848061,Q32L00,Alpha-ketoglutarate-dependent dioxygenase alkB homolog 3,GO:0006974,stress response,CGI_10026573,401,326,327,231,104,38
CGI_10016955,1285.37838080566,Q14164,Inhibitor of nuclear factor kappa-B kinase subunit epsilon,GO:0034138,stress response,CGI_10016955,3026,2683,1821,999,372,298
CGI_10000281,221.107640822719,Q62737,Cytochrome b-245 light chain,GO:0006954,stress response,CGI_10000281,244,178,135,434,228,149
CGI_10014894,84.1321612447084,Q8K203,Endonuclease 8-like 3,GO:0006284,stress response,CGI_10014894,48,39,35,110,171,52
CGI_10005889,28.2962334895833,Q92759,General transcription factor IIH subunit 4,GO:0006283,stress response,CGI_10005889,26,17,11,73,31,19
CGI_10002662,186.860648401676,P51948,CDK-activating kinase assembly factor MAT1,GO:0006283,stress response,CGI_10002662,223,98,77,384,224,133
CGI_10027605,746.217832583348,P55008,Allograft inflammatory factor 1,GO:0006950,stress response,CGI_10027605,450,281,705,1308,558,857
CGI_10009053,41.8607633113145,Q0IH86,Structure-specific endonuclease subunit slx1,GO:0006281,stress response,CGI_10009053,41,32,20,115,47,19
CGI_10003897,232.249032506526,Q15418,Ribosomal protein S6 kinase alpha-1,GO:0002224,stress response,CGI_10003897,371,505,310,284,94,59
CGI_10009791,167.923319111264,Q9Y6R4,Mitogen-activated protein kinase kinase kinase 4,GO:0006950,stress response,CGI_10009791,203,122,93,253,230,104
CGI_10005193,17.1525888870557,Q9QUN7,Toll-like receptor 2,GO:0006954,stress response,CGI_10005193,6,6,11,33,28,12
CGI_10020947,163.000390582106,P17988,Sulfotransferase 1A1,GO:0006950,stress response,CGI_10020947,176,111,102,278,179,126
CGI_10004811,1132.923753221,Q05655,Protein kinase C delta type,GO:0030168,stress response,CGI_10004811,3238,1699,2648,480,123,125
CGI_10025593,3859.70101533652,P97432,Next to BRCA1 gene 1 protein,GO:0016236,stress response,CGI_10025593,7522,8867,6351,2770,1036,778
CGI_10010949,11030.3795549702,Q58DT4,"Pyrroline-5-carboxylate reductase 1, mitochondrial",GO:0034599,stress response,CGI_10010949,23777,26916,24517,2583,1490,514
CGI_10020490,1302.05601317837,Q9Y6W6,Dual specificity protein phosphatase 10,GO:0006950,stress response,CGI_10020490,3023,3518,2528,328,81,80
CGI_10028697,45.7382971918988,Q53HV7,Single-strand selective monofunctional uracil DNA glycosylase,GO:0006285,stress response,CGI_10028697,107,85,63,59,9,11
CGI_10003839,92.2289778016409,Q8IYD8,Fanconi anemia group M protein,GO:0006974,stress response,CGI_10003839,66,48,66,227,92,67
CGI_10016785,109.778290354552,Q62388,Serine-protein kinase ATM,GO:0000077,stress response,CGI_10016785,70,84,70,138,109,123
CGI_10002385,494.929698666009,Q01177,Plasminogen,GO:0042246,stress response,CGI_10002385,254,129,270,597,953,384
CGI_10004649,52.9724328348116,Q01177,Plasminogen,GO:0042246,stress response,CGI_10004649,119,91,91,32,10,22
CGI_10021567,2004.20608890637,P15330,Embryonic polarity protein dorsal,GO:0006952,stress response,CGI_10021567,5775,4065,3209,1062,327,325
CGI_10014491,615.393958351685,Q6B9X6,Alpha-protein kinase vwkA,GO:0031288,stress response,CGI_10014491,2154,925,1062,469,59,50
CGI_10016785,109.778290354552,Q62388,Serine-protein kinase ATM,GO:0006975,stress response,CGI_10016785,70,84,70,138,109,123
CGI_10019686,374.727269660857,O43909,Exostosin-like 3,GO:0006987,stress response,CGI_10019686,373,288,255,550,468,267
CGI_10004837,133.548660136011,Q04861,Nuclear factor NF-kappa-B p105 subunit,GO:0034146,stress response,CGI_10004837,297,167,349,53,18,39
CGI_10016949,3394.35801357187,Q04861,Nuclear factor NF-kappa-B p105 subunit,GO:0034146,stress response,CGI_10016949,9877,5857,4097,3895,483,941
CGI_10021739,917.994708260822,Q8SPE8,Toll-like receptor 4,GO:0006954,stress response,CGI_10021739,1606,1685,1405,829,461,272
CGI_10014861,882.071952598336,P61088,Ubiquitin-conjugating enzyme E2 N,GO:0000729,stress response,CGI_10014861,933,676,774,1404,725,756
CGI_10017600,260.619169501605,O00231,26S proteasome non-ATPase regulatory subunit 11,GO:0006977,stress response,CGI_10017600,354,191,171,443,239,201
CGI_10028611,79.7850304487621,P54277,PMS1 protein homolog 1,GO:0006281,stress response,CGI_10028611,98,60,53,178,62,57
CGI_10009763,376.24775659698,Q14790,Caspase-8,GO:0045087,stress response,CGI_10009763,771,476,1080,89,40,111
CGI_10006322,524.360652443687,O93309,Structural maintenance of chromosomes protein 3,GO:0006974,stress response,CGI_10006322,578,429,487,893,482,358
CGI_10012516,131.579676973198,Q9XSW3,Mannose-binding protein C,GO:0001867,stress response,CGI_10012516,144,86,92,218,128,112
CGI_10012516,131.579676973198,Q9XSW3,Mannose-binding protein C,GO:0006958,stress response,CGI_10012516,144,86,92,218,128,112
CGI_10017879,19.3321866391682,O09037,Regenerating islet-derived protein 3-alpha,GO:0006954,stress response,CGI_10017879,67,39,17,13,5,4
CGI_10020490,1302.05601317837,Q9Y6W6,Dual specificity protein phosphatase 10,GO:0060266,stress response,CGI_10020490,3023,3518,2528,328,81,80
CGI_10021816,174.784527586645,Q5RDH5,5'-AMP-activated protein kinase catalytic subunit alpha-1,GO:0006950,stress response,CGI_10021816,314,295,225,160,107,67
CGI_10010020,104.865246478694,Q63186,Translation initiation factor eIF-2B subunit delta,GO:0032057,stress response,CGI_10010020,97,91,47,182,146,64
CGI_10017307,226.063902257107,P04179,"Superoxide dismutase [Mn], mitochondrial",GO:0006979,stress response,CGI_10017307,224,189,155,281,269,182
CGI_10019401,308.430701539086,Q60803,TNF receptor-associated factor 3,GO:0050688,stress response,CGI_10019401,744,612,468,233,88,67
CGI_10027096,196.354291256715,Q90ZK6,Activin receptor type-1,GO:0002526,stress response,CGI_10027096,320,448,282,206,61,54
CGI_10009767,2697.37472565245,P97607,Protein jagged-2,GO:0001666,stress response,CGI_10009767,6957,4377,5325,1883,627,398
CGI_10019332,58.4384120279572,Q9CXE6,DNA repair protein XRCC3,GO:0006281,stress response,CGI_10019332,68,44,35,119,51,45
CGI_10019751,67.5737583837096,Q9DE46,DNA polymerase alpha catalytic subunit,GO:0006281,stress response,CGI_10019751,55,40,35,112,117,35
CGI_10016441,124.324609675329,Q53TQ3,INO80 complex subunit D,GO:0006974,stress response,CGI_10016441,257,284,197,115,24,22
CGI_10017307,226.063902257107,P04179,"Superoxide dismutase [Mn], mitochondrial",GO:0001666,stress response,CGI_10017307,224,189,155,281,269,182
CGI_10004811,1132.923753221,Q05655,Protein kinase C delta type,GO:0050728,stress response,CGI_10004811,3238,1699,2648,480,123,125
CGI_10011979,17.0312869841008,O15457,MutS protein homolog 4,GO:0000710,stress response,CGI_10011979,11,7,8,29,23,16
CGI_10017553,1416.10783277473,Q16829,Dual specificity protein phosphatase 7,GO:0045087,stress response,CGI_10017553,2936,2922,1932,1556,399,363
CGI_10017553,1416.10783277473,Q16829,Dual specificity protein phosphatase 7,GO:0034130,stress response,CGI_10017553,2936,2922,1932,1556,399,363
CGI_10026092,133.294388954684,Q99836,Myeloid differentiation primary response protein MyD88,GO:0007254,stress response,CGI_10026092,321,246,157,171,35,37
CGI_10006185,74.8044471706068,Q5ZJB4,Inhibitor of nuclear factor kappa-B kinase subunit alpha,GO:0002224,stress response,CGI_10006185,168,145,96,72,37,14
CGI_10010240,1049.14673536336,Q9VEG6,Chorion peroxidase,GO:0006979,stress response,CGI_10010240,2427,2356,2195,521,15,143
CGI_10017426,386.729683912363,Q9VEG6,Chorion peroxidase,GO:0006979,stress response,CGI_10017426,466,1218,638,353,51,43
CGI_10021733,497.392210724403,Q9VEG6,Chorion peroxidase,GO:0006979,stress response,CGI_10021733,1629,905,735,441,17,72
CGI_10006185,74.8044471706068,Q5ZJB4,Inhibitor of nuclear factor kappa-B kinase subunit alpha,GO:0034154,stress response,CGI_10006185,168,145,96,72,37,14
CGI_10002510,122.512146976308,P00184,Cytochrome P450 1A1,GO:0055093,stress response,CGI_10002510,348,369,134,41,15,12
CGI_10012307,322.180621630776,A8WQH2,Peroxidasin homolog,GO:0042744,stress response,CGI_10012307,1031,684,314,222,129,31
CGI_10011375,3616.92156449404,P82147,Protein lethal(2)essential for life,GO:0010998,stress response,CGI_10011375,1709,1324,1128,3594,5538,4422
CGI_10016954,334.786240006888,Q9WUN2,Serine/threonine-protein kinase TBK1,GO:0050830,stress response,CGI_10016954,682,501,497,401,106,133
CGI_10003897,232.249032506526,Q15418,Ribosomal protein S6 kinase alpha-1,GO:0002756,stress response,CGI_10003897,371,505,310,284,94,59
CGI_10028272,152.19132658835,P05164,Myeloperoxidase,GO:0050832,stress response,CGI_10028272,430,185,272,147,47,28
CGI_10025371,184.851783050977,O75575,DNA-directed RNA polymerase III subunit RPC9,GO:0006950,stress response,CGI_10025371,194,101,143,337,166,161
CGI_10012178,74.557917191942,P05556,Integrin beta-1,GO:0007596,stress response,CGI_10012178,160,90,137,67,32,25
CGI_10028697,45.7382971918988,Q53HV7,Single-strand selective monofunctional uracil DNA glycosylase,GO:0006974,stress response,CGI_10028697,107,85,63,59,9,11
CGI_10017406,459.344455288952,P97526,Neurofibromin,GO:0042060,stress response,CGI_10017406,935,1177,707,331,96,69
CGI_10016302,114.933899924829,P46531,Neurogenic locus notch homolog protein 1,GO:0042246,stress response,CGI_10016302,218,267,135,93,30,48
CGI_10019751,67.5737583837096,Q9DE46,DNA polymerase alpha catalytic subunit,GO:0006303,stress response,CGI_10019751,55,40,35,112,117,35
CGI_10026092,133.294388954684,Q99836,Myeloid differentiation primary response protein MyD88,GO:0050830,stress response,CGI_10026092,321,246,157,171,35,37
CGI_10016154,2854.75844876853,Q60769,Tumor necrosis factor alpha-induced protein 3,GO:0002632,stress response,CGI_10016154,6363,5279,5456,1936,400,785
CGI_10004515,117.110077750599,Q13426,DNA repair protein XRCC4,GO:0006281,stress response,CGI_10004515,113,63,63,222,149,85
CGI_10009529,45.1127663957852,Q8MJD6,Homeodomain-only protein,GO:0043415,stress response,CGI_10009529,110,95,57,45,14,8
CGI_10028411,5640.55352863014,Q8HZK2,Dual oxidase 2,GO:0042744,stress response,CGI_10028411,10230,9080,7981,5031,2908,2402
CGI_10016943,285.842888942277,Q9BTA9,WW domain-containing adapter protein with coiled-coil,GO:0006974,stress response,CGI_10016943,526,477,410,330,139,88
CGI_10003897,232.249032506526,Q15418,Ribosomal protein S6 kinase alpha-1,GO:0006950,stress response,CGI_10003897,371,505,310,284,94,59
CGI_10023990,115.507203891692,P56721,Transcription factor collier,GO:0045087,stress response,CGI_10023990,298,219,178,106,34,14
CGI_10014747,340.382773643258,Q15797,Mothers against decapentaplegic homolog 1,GO:0006954,stress response,CGI_10014747,660,905,517,288,59,45
CGI_10026573,203.014652848061,Q32L00,Alpha-ketoglutarate-dependent dioxygenase alkB homolog 3,GO:0006307,stress response,CGI_10026573,401,326,327,231,104,38
CGI_10010404,286.034561172043,Q8UVR8,Macrophage colony-stimulating factor 1 receptor 2,GO:0006954,stress response,CGI_10010404,419,443,574,215,148,93
CGI_10001441,46.2480488833555,O60870,DNA/RNA-binding protein KIN17,GO:0006950,stress response,CGI_10001441,29,27,29,94,46,43
CGI_10021732,5698.34354977563,Q9VZZ4,Peroxidasin,GO:0006979,stress response,CGI_10021732,17494,8131,11971,3227,731,697
CGI_10009488,159.593580610687,P85008,Defensin-1,GO:0050830,stress response,CGI_10009488,169,80,78,259,182,148
CGI_10022970,1349.06182778927,A8E5V9,Transmembrane protein 173,GO:0045087,stress response,CGI_10022970,2519,2747,1798,939,720,429
CGI_10014861,882.071952598336,P61088,Ubiquitin-conjugating enzyme E2 N,GO:0045087,stress response,CGI_10014861,933,676,774,1404,725,756
CGI_10015460,385.525766168131,Q5F3Z3,Ubiquitin-conjugating enzyme E2 variant 2,GO:0000729,stress response,CGI_10015460,287,205,178,722,455,354
CGI_10018476,119.183172719004,P83298,"Fibrinolytic enzyme, isozyme C",GO:0007596,stress response,CGI_10018476,102,97,38,246,79,135
CGI_10015507,768.648361592387,P08630,Tyrosine-protein kinase Btk29A,GO:0007254,stress response,CGI_10015507,730,542,514,1089,870,665
CGI_10005058,89.3760678628951,Q9ERD9,"Indoleamine 2,3-dioxygenase 1",GO:0002678,stress response,CGI_10005058,105,54,53,190,79,71
CGI_10026573,203.014652848061,Q32L00,Alpha-ketoglutarate-dependent dioxygenase alkB homolog 3,GO:0006281,stress response,CGI_10026573,401,326,327,231,104,38
CGI_10024637,20.0915458249977,E1C2Z0,Protein MMS22-like,GO:0031297,stress response,CGI_10024637,8,9,10,67,15,17
CGI_10026303,853.869360427904,P53567,CCAAT/enhancer-binding protein gamma,GO:0042267,stress response,CGI_10026303,2586,1520,1643,147,167,139
CGI_10026304,5279.75792124033,P53567,CCAAT/enhancer-binding protein gamma,GO:0042267,stress response,CGI_10026304,11349,9184,8449,1819,2554,1998
CGI_10010640,190.174158192371,Q8WZA2,Rap guanine nucleotide exchange factor 4,GO:0007596,stress response,CGI_10010640,376,403,315,150,78,26
CGI_10026605,1514.84039699336,Q91XA9,Acidic mammalian chitinase,GO:0006954,stress response,CGI_10026605,4766,2538,2426,1311,232,170
CGI_10017307,226.063902257107,P04179,"Superoxide dismutase [Mn], mitochondrial",GO:0048678,stress response,CGI_10017307,224,189,155,281,269,182
CGI_10026977,41.9922411407022,Q9NY25,C-type lectin domain family 5 member A,GO:0006968,stress response,CGI_10026977,105,76,67,17,24,6
CGI_10002510,122.512146976308,P00184,Cytochrome P450 1A1,GO:0006950,stress response,CGI_10002510,348,369,134,41,15,12
CGI_10026092,133.294388954684,Q99836,Myeloid differentiation primary response protein MyD88,GO:0002755,stress response,CGI_10026092,321,246,157,171,35,37
CGI_10014861,882.071952598336,P61088,Ubiquitin-conjugating enzyme E2 N,GO:0070423,stress response,CGI_10014861,933,676,774,1404,725,756
CGI_10003897,232.249032506526,Q15418,Ribosomal protein S6 kinase alpha-1,GO:0043555,stress response,CGI_10003897,371,505,310,284,94,59
CGI_10016955,1285.37838080566,Q14164,Inhibitor of nuclear factor kappa-B kinase subunit epsilon,GO:0002756,stress response,CGI_10016955,3026,2683,1821,999,372,298
CGI_10024480,169.67259243723,P55212,Caspase-6,GO:0002525,stress response,CGI_10024480,643,194,226,83,34,61
CGI_10022651,1129.28762983919,O89049,"Thioredoxin reductase 1, cytoplasmic",GO:0006979,stress response,CGI_10022651,2989,2188,1646,958,217,249
CGI_10001372,54.3919965002191,Q9CQZ5,NADH dehydrogenase [ubiquinone] 1 alpha subcomplex subunit 6,GO:0006979,stress response,CGI_10001372,63,27,26,153,52,33
CGI_10010790,88.7455500873231,O08584,Krueppel-like factor 6,GO:0042060,stress response,CGI_10010790,152,243,183,36,9,10
CGI_10014861,882.071952598336,P61088,Ubiquitin-conjugating enzyme E2 N,GO:0045739,stress response,CGI_10014861,933,676,774,1404,725,756
CGI_10016954,334.786240006888,Q9WUN2,Serine/threonine-protein kinase TBK1,GO:0045087,stress response,CGI_10016954,682,501,497,401,106,133
CGI_10013090,555.486590251038,P25119,Tumor necrosis factor receptor superfamily member 1B,GO:0006954,stress response,CGI_10013090,1470,1032,817,692,53,98
CGI_10002384,2548.94997132267,P12545,Plasminogen,GO:0007596,stress response,CGI_10002384,282,296,185,3867,5490,2397
CGI_10003897,232.249032506526,Q15418,Ribosomal protein S6 kinase alpha-1,GO:0043620,stress response,CGI_10003897,371,505,310,284,94,59
CGI_10006021,63.2318241326511,Q1ZXH8,Guanine exchange factor for Rac 30,GO:0030587,stress response,CGI_10006021,129,149,65,67,28,13
CGI_10003308,242.649986903863,P49139,MAP kinase-activated protein kinase 2,GO:0002224,stress response,CGI_10003308,456,465,463,183,71,56
CGI_10010668,69.6717822875831,P20585,DNA mismatch repair protein Msh3,GO:0000710,stress response,CGI_10010668,70,52,32,151,64,57
CGI_10014574,841.802307652347,Q9V9J3,Tyrosine-protein kinase Src42A,GO:0007254,stress response,CGI_10014574,1883,1922,1029,873,250,156
CGI_10002640,285.02836291591,O15315,DNA repair protein RAD51 homolog 2,GO:0007596,stress response,CGI_10002640,147,124,123,356,452,281
CGI_10028745,354.148413845632,O09110,Dual specificity mitogen-activated protein kinase kinase 3,GO:0006954,stress response,CGI_10028745,692,794,514,267,90,113
CGI_10020124,84.3978684253882,P20918,Plasminogen,GO:0042246,stress response,CGI_10020124,48,27,51,112,83,113
CGI_10006263,578.643911551416,Q9QZR5,Homeodomain-interacting protein kinase 2,GO:0006974,stress response,CGI_10006263,1162,1461,788,494,107,136
CGI_10013834,54.0711585285721,Q8N0N3,"Beta-1,3-glucan-binding protein",GO:0045087,stress response,CGI_10013834,29,24,30,36,77,67
CGI_10027862,525.489226258192,P25490,Transcriptional repressor protein YY1,GO:0006974,stress response,CGI_10027862,1261,1091,657,517,173,106
CGI_10006185,74.8044471706068,Q5ZJB4,Inhibitor of nuclear factor kappa-B kinase subunit alpha,GO:0034134,stress response,CGI_10006185,168,145,96,72,37,14
CGI_10003897,232.249032506526,Q15418,Ribosomal protein S6 kinase alpha-1,GO:0002755,stress response,CGI_10003897,371,505,310,284,94,59
CGI_10004515,117.110077750599,Q13426,DNA repair protein XRCC4,GO:0006974,stress response,CGI_10004515,113,63,63,222,149,85
CGI_10028697,45.7382971918988,Q53HV7,Single-strand selective monofunctional uracil DNA glycosylase,GO:0045008,stress response,CGI_10028697,107,85,63,59,9,11
CGI_10028328,94.4232543385279,Q8WTR2,Dual specificity protein phosphatase 19,GO:0043507,stress response,CGI_10028328,195,123,238,58,15,26
CGI_10006185,74.8044471706068,Q5ZJB4,Inhibitor of nuclear factor kappa-B kinase subunit alpha,GO:0002755,stress response,CGI_10006185,168,145,96,72,37,14
CGI_10019332,58.4384120279572,Q9CXE6,DNA repair protein XRCC3,GO:0006974,stress response,CGI_10019332,68,44,35,119,51,45
CGI_10017307,226.063902257107,P04179,"Superoxide dismutase [Mn], mitochondrial",GO:0001315,stress response,CGI_10017307,224,189,155,281,269,182
CGI_10026985,2221.45631990722,Q9UGM3,Deleted in malignant brain tumors 1 protein,GO:0042246,stress response,CGI_10026985,6752,2619,3930,2011,404,552
CGI_10020700,44.2185270840593,Q9UGM3,Deleted in malignant brain tumors 1 protein,GO:0042246,stress response,CGI_10020700,29,33,21,56,80,27
CGI_10013874,1044.23962929572,Q9UGM3,Deleted in malignant brain tumors 1 protein,GO:0042246,stress response,CGI_10013874,2118,1723,1884,1007,440,188
CGI_10016154,2854.75844876853,Q60769,Tumor necrosis factor alpha-induced protein 3,GO:0070433,stress response,CGI_10016154,6363,5279,5456,1936,400,785
CGI_10010861,145.655272902116,P35408,Prostaglandin E2 receptor EP4 subtype,GO:0007254,stress response,CGI_10010861,64,113,19,535,112,107
CGI_10027614,566.2025630805,P35408,Prostaglandin E2 receptor EP4 subtype,GO:0007254,stress response,CGI_10027614,978,962,1359,268,67,203
CGI_10022362,755.905725405851,Q61382,TNF receptor-associated factor 4,GO:0046330,stress response,CGI_10022362,1554,842,2043,451,185,162
CGI_10004515,117.110077750599,Q13426,DNA repair protein XRCC4,GO:0006303,stress response,CGI_10004515,113,63,63,222,149,85
CGI_10028173,75.500365653603,P11021,78 kDa glucose-regulated protein,GO:0006983,stress response,CGI_10028173,60,161,181,40,32,19
CGI_10016955,1285.37838080566,Q14164,Inhibitor of nuclear factor kappa-B kinase subunit epsilon,GO:0008630,stress response,CGI_10016955,3026,2683,1821,999,372,298
CGI_10003897,232.249032506526,Q15418,Ribosomal protein S6 kinase alpha-1,GO:0034130,stress response,CGI_10003897,371,505,310,284,94,59
CGI_10015294,103.806960326379,P51452,Dual specificity protein phosphatase 3,GO:0002755,stress response,CGI_10015294,221,103,231,67,41,37
CGI_10015616,57.6025590163089,P51452,Dual specificity protein phosphatase 3,GO:0002755,stress response,CGI_10015616,86,98,124,38,27,14
CGI_10020751,210.909713482814,P51452,Dual specificity protein phosphatase 3,GO:0002755,stress response,CGI_10020751,130,132,147,353,385,86
CGI_10028272,152.19132658835,P05164,Myeloperoxidase,GO:0006979,stress response,CGI_10028272,430,185,272,147,47,28
CGI_10028906,57.5767828489444,D8VNS7,Ryncolin-1,GO:0007596,stress response,CGI_10028906,60,33,30,141,60,38
CGI_10010444,44.4710533734838,P80010,Plasminogen,GO:0042246,stress response,CGI_10010444,143,55,74,46,6,9
CGI_10025374,384.819900130773,P20749,B-cell lymphoma 3 protein,GO:0042742,stress response,CGI_10025374,942,806,715,192,54,70
CGI_10004837,133.548660136011,Q04861,Nuclear factor NF-kappa-B p105 subunit,GO:0002755,stress response,CGI_10004837,297,167,349,53,18,39
CGI_10016949,3394.35801357187,Q04861,Nuclear factor NF-kappa-B p105 subunit,GO:0002755,stress response,CGI_10016949,9877,5857,4097,3895,483,941
CGI_10025374,384.819900130773,P20749,B-cell lymphoma 3 protein,GO:0006974,stress response,CGI_10025374,942,806,715,192,54,70
CGI_10017553,1416.10783277473,Q16829,Dual specificity protein phosphatase 7,GO:0034138,stress response,CGI_10017553,2936,2922,1932,1556,399,363
CGI_10014861,882.071952598336,P61088,Ubiquitin-conjugating enzyme E2 N,GO:0002224,stress response,CGI_10014861,933,676,774,1404,725,756
CGI_10004966,112.757571716483,Q04721,Neurogenic locus notch homolog protein 2,GO:0042246,stress response,CGI_10004966,310,268,126,62,25,28
CGI_10009763,376.24775659698,Q14790,Caspase-8,GO:0009409,stress response,CGI_10009763,771,476,1080,89,40,111
CGI_10014894,84.1321612447084,Q8K203,Endonuclease 8-like 3,GO:0006974,stress response,CGI_10014894,48,39,35,110,171,52
CGI_10005193,17.1525888870557,Q9QUN7,Toll-like receptor 2,GO:0052063,stress response,CGI_10005193,6,6,11,33,28,12
CGI_10019752,716.786331974588,P68371,Tubulin beta-4B chain,GO:0042267,stress response,CGI_10019752,559,500,199,622,1056,770
CGI_10027813,56.608259940152,Q3MHQ4,Zinc finger protein SNAI2,GO:0043518,stress response,CGI_10027813,60,41,28,86,45,63
CGI_10025034,265.905261633505,Q9Y6T7,Diacylglycerol kinase beta,GO:0030168,stress response,CGI_10025034,559,355,356,313,145,96
CGI_10021732,5698.34354977563,Q9VZZ4,Peroxidasin,GO:0042744,stress response,CGI_10021732,17494,8131,11971,3227,731,697
CGI_10025227,88.2084728837962,O95433,Activator of 90 kDa heat shock protein ATPase homolog 1,GO:0006950,stress response,CGI_10025227,86,34,29,72,140,93
CGI_10001591,172.918212276441,P48025,Tyrosine-protein kinase SYK,GO:0045087,stress response,CGI_10001591,317,348,223,240,60,43
CGI_10010861,145.655272902116,P35408,Prostaglandin E2 receptor EP4 subtype,GO:0050728,stress response,CGI_10010861,64,113,19,535,112,107
CGI_10027614,566.2025630805,P35408,Prostaglandin E2 receptor EP4 subtype,GO:0050728,stress response,CGI_10027614,978,962,1359,268,67,203
CGI_10026985,2221.45631990722,Q9UGM3,Deleted in malignant brain tumors 1 protein,GO:0043152,stress response,CGI_10026985,6752,2619,3930,2011,404,552
CGI_10020700,44.2185270840593,Q9UGM3,Deleted in malignant brain tumors 1 protein,GO:0043152,stress response,CGI_10020700,29,33,21,56,80,27
CGI_10013874,1044.23962929572,Q9UGM3,Deleted in malignant brain tumors 1 protein,GO:0043152,stress response,CGI_10013874,2118,1723,1884,1007,440,188
CGI_10014861,882.071952598336,P61088,Ubiquitin-conjugating enzyme E2 N,GO:0006974,stress response,CGI_10014861,933,676,774,1404,725,756
CGI_10004515,117.110077750599,Q13426,DNA repair protein XRCC4,GO:0051103,stress response,CGI_10004515,113,63,63,222,149,85
CGI_10005193,17.1525888870557,Q9QUN7,Toll-like receptor 2,GO:0002755,stress response,CGI_10005193,6,6,11,33,28,12
CGI_10019040,15.4916837638647,P82600,Chorion peroxidase,GO:0006979,stress response,CGI_10019040,58,41,8,4,2,4
CGI_10005646,251.049281226082,Q2EJA0,Yorkie homolog,GO:0006975,stress response,CGI_10005646,522,502,330,270,96,61
CGI_10002384,2548.94997132267,P12545,Plasminogen,GO:0051918,stress response,CGI_10002384,282,296,185,3867,5490,2397
CGI_10028457,254.170260075121,Q29RP1,Ubiquitin carboxyl-terminal hydrolase 1,GO:0006974,stress response,CGI_10028457,309,162,194,486,250,174
CGI_10024989,971.695066531661,Q8BKX6,Serine/threonine-protein kinase SMG1,GO:0006974,stress response,CGI_10024989,1747,1954,1495,1393,251,179
CGI_10016395,584.358735083218,Q9QZ05,Eukaryotic translation initiation factor 2-alpha kinase 4,GO:0030968,stress response,CGI_10016395,1889,1018,1206,146,33,65
CGI_10012993,362.961499468768,P15043,ATP-dependent DNA helicase recQ,GO:0006281,stress response,CGI_10012993,165,297,59,549,743,198
CGI_10005889,28.2962334895833,Q92759,General transcription factor IIH subunit 4,GO:0006281,stress response,CGI_10005889,26,17,11,73,31,19
CGI_10018748,49.6375753918756,Q5IS54,Caspase-3,GO:0006974,stress response,CGI_10018748,101,97,57,50,22,17
CGI_10024637,20.0915458249977,E1C2Z0,Protein MMS22-like,GO:0000724,stress response,CGI_10024637,8,9,10,67,15,17
CGI_10020367,85.1092111500783,P32240,Prostaglandin E2 receptor EP4 subtype,GO:0007254,stress response,CGI_10020367,97,55,44,172,105,52
CGI_10003083,1197.74057824062,Q6Q899,Probable ATP-dependent RNA helicase DDX58,GO:0045087,stress response,CGI_10003083,2488,2272,2080,713,237,458
CGI_10014034,956.127065476462,Q6Q899,Probable ATP-dependent RNA helicase DDX58,GO:0045087,stress response,CGI_10014034,2398,1460,1922,396,167,325
CGI_10016990,216.96896780468,Q6Q899,Probable ATP-dependent RNA helicase DDX58,GO:0045087,stress response,CGI_10016990,305,676,228,218,61,47
CGI_10024392,964.757721404558,Q6Q899,Probable ATP-dependent RNA helicase DDX58,GO:0045087,stress response,CGI_10024392,1963,2472,1510,454,188,229
CGI_10002385,494.929698666009,Q01177,Plasminogen,GO:0007596,stress response,CGI_10002385,254,129,270,597,953,384
CGI_10004649,52.9724328348116,Q01177,Plasminogen,GO:0007596,stress response,CGI_10004649,119,91,91,32,10,22
CGI_10010640,190.174158192371,Q8WZA2,Rap guanine nucleotide exchange factor 4,GO:0030168,stress response,CGI_10010640,376,403,315,150,78,26
CGI_10002384,2548.94997132267,P12545,Plasminogen,GO:0051919,stress response,CGI_10002384,282,296,185,3867,5490,2397
CGI_10006022,1048.79756300288,Q9ESN9,C-Jun-amino-terminal kinase-interacting protein 3,GO:0043507,stress response,CGI_10006022,1811,1666,1329,1308,555,422
CGI_10012306,58.6293436733849,P11678,Eosinophil peroxidase,GO:0042744,stress response,CGI_10012306,184,139,94,17,6,3
CGI_10026934,253.456778355469,P11678,Eosinophil peroxidase,GO:0042744,stress response,CGI_10026934,486,259,860,45,19,58
CGI_10003897,232.249032506526,Q15418,Ribosomal protein S6 kinase alpha-1,GO:0034134,stress response,CGI_10003897,371,505,310,284,94,59
CGI_10004145,202.168476913214,Q6L6Q6,Lysozyme,GO:0042742,stress response,CGI_10004145,214,97,91,348,282,149
CGI_10024480,169.67259243723,P55212,Caspase-6,GO:0009408,stress response,CGI_10024480,643,194,226,83,34,61
CGI_10028173,75.500365653603,P11021,78 kDa glucose-regulated protein,GO:0030968,stress response,CGI_10028173,60,161,181,40,32,19
CGI_10014861,882.071952598336,P61088,Ubiquitin-conjugating enzyme E2 N,GO:0006281,stress response,CGI_10014861,933,676,774,1404,725,756
CGI_10028611,79.7850304487621,P54277,PMS1 protein homolog 1,GO:0006974,stress response,CGI_10028611,98,60,53,178,62,57
CGI_10015287,258.56688697007,Q8IYT8,Serine/threonine-protein kinase ULK2,GO:0042594,stress response,CGI_10015287,535,499,566,218,36,25
CGI_10026099,715.358874460525,A8QMS7,Myeloid differentiation primary response protein MyD88,GO:0006954,stress response,CGI_10026099,2325,1089,746,713,151,240
CGI_10009603,191.591886695587,Q80VI1,E3 ubiquitin-protein ligase TRIM56,GO:0034340,stress response,CGI_10009603,183,366,561,79,58,30
CGI_10001591,172.918212276441,P48025,Tyrosine-protein kinase SYK,GO:0007257,stress response,CGI_10001591,317,348,223,240,60,43
CGI_10000165,57.1222916261774,Q9NWZ3,Interleukin-1 receptor-associated kinase 4,GO:0034142,stress response,CGI_10000165,155,101,77,41,17,17
CGI_10000166,72.0939115320227,Q9NWZ3,Interleukin-1 receptor-associated kinase 4,GO:0034142,stress response,CGI_10000166,205,184,87,55,8,7
CGI_10018046,180.997387804041,Q9NWZ3,Interleukin-1 receptor-associated kinase 4,GO:0034142,stress response,CGI_10018046,428,367,318,139,16,42
CGI_10012516,131.579676973198,Q9XSW3,Mannose-binding protein C,GO:0045087,stress response,CGI_10012516,144,86,92,218,128,112
CGI_10012883,39.91890503897,Q9D0N7,Chromatin assembly factor 1 subunit B,GO:0006281,stress response,CGI_10012883,42,24,12,115,36,28
CGI_10004837,133.548660136011,Q04861,Nuclear factor NF-kappa-B p105 subunit,GO:0002218,stress response,CGI_10004837,297,167,349,53,18,39
CGI_10016949,3394.35801357187,Q04861,Nuclear factor NF-kappa-B p105 subunit,GO:0002218,stress response,CGI_10016949,9877,5857,4097,3895,483,941
CGI_10025374,384.819900130773,P20749,B-cell lymphoma 3 protein,GO:0042771,stress response,CGI_10025374,942,806,715,192,54,70
CGI_10015294,103.806960326379,P51452,Dual specificity protein phosphatase 3,GO:0034130,stress response,CGI_10015294,221,103,231,67,41,37
CGI_10015616,57.6025590163089,P51452,Dual specificity protein phosphatase 3,GO:0034130,stress response,CGI_10015616,86,98,124,38,27,14
CGI_10020751,210.909713482814,P51452,Dual specificity protein phosphatase 3,GO:0034130,stress response,CGI_10020751,130,132,147,353,385,86
CGI_10003083,1197.74057824062,Q6Q899,Probable ATP-dependent RNA helicase DDX58,GO:0002230,stress response,CGI_10003083,2488,2272,2080,713,237,458
CGI_10014034,956.127065476462,Q6Q899,Probable ATP-dependent RNA helicase DDX58,GO:0002230,stress response,CGI_10014034,2398,1460,1922,396,167,325
CGI_10016990,216.96896780468,Q6Q899,Probable ATP-dependent RNA helicase DDX58,GO:0002230,stress response,CGI_10016990,305,676,228,218,61,47
CGI_10024392,964.757721404558,Q6Q899,Probable ATP-dependent RNA helicase DDX58,GO:0002230,stress response,CGI_10024392,1963,2472,1510,454,188,229
CGI_10023761,229.566974127481,Q9JIL8,DNA repair protein RAD50,GO:0006302,stress response,CGI_10023761,140,102,133,285,225,302
CGI_10001441,46.2480488833555,O60870,DNA/RNA-binding protein KIN17,GO:0006974,stress response,CGI_10001441,29,27,29,94,46,43
CGI_10009488,159.593580610687,P85008,Defensin-1,GO:0050829,stress response,CGI_10009488,169,80,78,259,182,148
CGI_10025593,3859.70101533652,P97432,Next to BRCA1 gene 1 protein,GO:0032872,stress response,CGI_10025593,7522,8867,6351,2770,1036,778
CGI_10028328,94.4232543385279,Q8WTR2,Dual specificity protein phosphatase 19,GO:0046330,stress response,CGI_10028328,195,123,238,58,15,26
CGI_10026092,133.294388954684,Q99836,Myeloid differentiation primary response protein MyD88,GO:0034134,stress response,CGI_10026092,321,246,157,171,35,37
CGI_10021885,670.755508777184,P43090,"5-aminolevulinate synthase, erythroid-specific, mitochondrial",GO:0001666,stress response,CGI_10021885,1161,1040,1190,542,204,324
CGI_10021816,174.784527586645,Q5RDH5,5'-AMP-activated protein kinase catalytic subunit alpha-1,GO:0042149,stress response,CGI_10021816,314,295,225,160,107,67
CGI_10009160,71.0723125057303,Q9WTW8,Solute carrier family 23 member 2,GO:0006979,stress response,CGI_10009160,138,125,126,47,36,16
CGI_10027862,525.489226258192,P25490,Transcriptional repressor protein YY1,GO:0006281,stress response,CGI_10027862,1261,1091,657,517,173,106
CGI_10012642,42.5119965450019,Q6DFJ6,Serine/threonine-protein kinase TBK1,GO:0045087,stress response,CGI_10012642,88,73,100,35,3,7
CGI_10027842,341.798220775862,P27674,"Solute carrier family 2, facilitated glucose transporter member 1",GO:0042149,stress response,CGI_10027842,630,549,542,274,131,157
CGI_10026280,93.1930213841071,P47809,Dual specificity mitogen-activated protein kinase kinase 4,GO:0006950,stress response,CGI_10026280,224,169,146,62,20,33
CGI_10016785,109.778290354552,Q62388,Serine-protein kinase ATM,GO:0043517,stress response,CGI_10016785,70,84,70,138,109,123
CGI_10000165,57.1222916261774,Q9NWZ3,Interleukin-1 receptor-associated kinase 4,GO:0002224,stress response,CGI_10000165,155,101,77,41,17,17
CGI_10000166,72.0939115320227,Q9NWZ3,Interleukin-1 receptor-associated kinase 4,GO:0002224,stress response,CGI_10000166,205,184,87,55,8,7
CGI_10018046,180.997387804041,Q9NWZ3,Interleukin-1 receptor-associated kinase 4,GO:0002224,stress response,CGI_10018046,428,367,318,139,16,42
CGI_10024966,432.116929596528,P82251,"B(0,+)-type amino acid transporter 1",GO:0007596,stress response,CGI_10024966,237,510,181,739,498,346
CGI_10022933,489.18583909752,P70032,Serine/threonine-protein kinase PLK1,GO:0031572,stress response,CGI_10022933,1112,892,1192,288,45,36
CGI_10011375,3616.92156449404,P82147,Protein lethal(2)essential for life,GO:0006950,stress response,CGI_10011375,1709,1324,1128,3594,5538,4422
CGI_10012883,39.91890503897,Q9D0N7,Chromatin assembly factor 1 subunit B,GO:0006974,stress response,CGI_10012883,42,24,12,115,36,28
CGI_10001591,172.918212276441,P48025,Tyrosine-protein kinase SYK,GO:0010543,stress response,CGI_10001591,317,348,223,240,60,43
CGI_10018669,1511.30729634864,P41970,ETS domain-containing protein Elk-3,GO:0042060,stress response,CGI_10018669,3843,2732,2627,814,315,411
CGI_10027512,148.256598740849,Q9GL65,Toll-like receptor 4,GO:0045087,stress response,CGI_10027512,340,166,232,147,75,55
CGI_10020092,467.488855725857,Q7L9B9,Endonuclease/exonuclease/phosphatase family domain-containing protein 1,GO:0006281,stress response,CGI_10020092,850,993,848,389,130,89
CGI_10026389,561.737599027014,P08953,Protein toll,GO:0045087,stress response,CGI_10026389,1526,826,1212,370,82,85
CGI_10013178,29.7532202631915,P08953,Protein toll,GO:0045087,stress response,CGI_10013178,31,87,62,25,7,0
CGI_10017269,191.7019774806,P08953,Protein toll,GO:0045087,stress response,CGI_10017269,539,280,252,216,44,61
CGI_10017553,1416.10783277473,Q16829,Dual specificity protein phosphatase 7,GO:0002224,stress response,CGI_10017553,2936,2922,1932,1556,399,363
CGI_10026099,715.358874460525,A8QMS7,Myeloid differentiation primary response protein MyD88,GO:0045087,stress response,CGI_10026099,2325,1089,746,713,151,240
CGI_10010404,286.034561172043,Q8UVR8,Macrophage colony-stimulating factor 1 receptor 2,GO:0045087,stress response,CGI_10010404,419,443,574,215,148,93
CGI_10004156,343.14380907421,P47812,Mitogen-activated protein kinase 14,GO:0006950,stress response,CGI_10004156,714,563,503,266,115,160
CGI_10015294,103.806960326379,P51452,Dual specificity protein phosphatase 3,GO:0046329,stress response,CGI_10015294,221,103,231,67,41,37
CGI_10015616,57.6025590163089,P51452,Dual specificity protein phosphatase 3,GO:0046329,stress response,CGI_10015616,86,98,124,38,27,14
CGI_10020751,210.909713482814,P51452,Dual specificity protein phosphatase 3,GO:0046329,stress response,CGI_10020751,130,132,147,353,385,86
CGI_10011161,960.601881582651,Q5SUF2,Luc7-like protein 3,GO:0006950,stress response,CGI_10011161,1170,689,619,1420,826,916
CGI_10016785,109.778290354552,Q62388,Serine-protein kinase ATM,GO:0006281,stress response,CGI_10016785,70,84,70,138,109,123
CGI_10004837,133.548660136011,Q04861,Nuclear factor NF-kappa-B p105 subunit,GO:0034154,stress response,CGI_10004837,297,167,349,53,18,39
CGI_10016949,3394.35801357187,Q04861,Nuclear factor NF-kappa-B p105 subunit,GO:0034154,stress response,CGI_10016949,9877,5857,4097,3895,483,941
CGI_10026072,502.726384586901,P63329,Serine/threonine-protein phosphatase 2B catalytic subunit alpha isoform,GO:0006950,stress response,CGI_10026072,1056,926,677,626,164,135
CGI_10027512,148.256598740849,Q9GL65,Toll-like receptor 4,GO:0006954,stress response,CGI_10027512,340,166,232,147,75,55
CGI_10010020,104.865246478694,Q63186,Translation initiation factor eIF-2B subunit delta,GO:0009408,stress response,CGI_10010020,97,91,47,182,146,64
CGI_10028272,152.19132658835,P05164,Myeloperoxidase,GO:0042744,stress response,CGI_10028272,430,185,272,147,47,28
CGI_10018220,414.155816034045,P52434,"DNA-directed RNA polymerases I, II, and III subunit RPABC3",GO:0006281,stress response,CGI_10018220,876,700,877,235,124,85
CGI_10026703,28896.4064666511,Q9BLJ6,BAG domain-containing protein Samui,GO:0006950,stress response,CGI_10026703,2975,1110,1216,11786,59338,42282
CGI_10010655,517.27677189543,Q641K5,NUAK family SNF1-like kinase 1,GO:0006974,stress response,CGI_10010655,1427,994,539,629,165,90
CGI_10025345,423.096805936025,P15651,"Short-chain specific acyl-CoA dehydrogenase, mitochondrial",GO:0042594,stress response,CGI_10025345,504,696,950,277,155,170
CGI_10019259,312.198221828915,Q15262,Receptor-type tyrosine-protein phosphatase kappa,GO:0034614,stress response,CGI_10019259,655,655,307,320,176,77
CGI_10016395,584.358735083218,Q9QZ05,Eukaryotic translation initiation factor 2-alpha kinase 4,GO:0009267,stress response,CGI_10016395,1889,1018,1206,146,33,65
CGI_10009092,754.79164514419,P21333,Filamin-A,GO:0007596,stress response,CGI_10009092,1626,1307,899,958,376,184
CGI_10012231,52.8182848939444,P21333,Filamin-A,GO:0007596,stress response,CGI_10012231,117,113,88,44,11,9
CGI_10026966,45.1480606703886,P21333,Filamin-A,GO:0007596,stress response,CGI_10026966,85,128,66,26,12,6
CGI_10010256,62.8967152943753,P32870,Ca(2+)/calmodulin-responsive adenylate cyclase,GO:0006979,stress response,CGI_10010256,127,88,102,49,34,23
CGI_10025604,163.97844837406,O75460,Serine/threonine-protein kinase/endoribonuclease IRE1,GO:0006987,stress response,CGI_10025604,424,280,255,160,38,36
CGI_10014683,336.453509131317,P74148,Universal stress protein Sll1388,GO:0006950,stress response,CGI_10014683,133,177,110,370,369,487
CGI_10026502,426.044982771784,P74148,Universal stress protein Sll1388,GO:0006950,stress response,CGI_10026502,266,229,195,477,605,450
CGI_10008964,2811.79206084391,P39429,TNF receptor-associated factor 2,GO:0046328,stress response,CGI_10008964,5765,3428,6981,1322,690,915
CGI_10027674,202.698558513655,P39429,TNF receptor-associated factor 2,GO:0046328,stress response,CGI_10027674,461,448,296,117,68,45
CGI_10017307,226.063902257107,P04179,"Superoxide dismutase [Mn], mitochondrial",GO:0055093,stress response,CGI_10017307,224,189,155,281,269,182
CGI_10028327,33.4276939763959,Q9M8K7,Putative dual-specificity protein phosphatase,GO:0006950,stress response,CGI_10028327,84,44,65,14,12,11
CGI_10007635,112.474867529899,Q86QN6,Big defensin,GO:0050832,stress response,CGI_10007635,127,42,45,222,121,104
CGI_10023761,229.566974127481,Q9JIL8,DNA repair protein RAD50,GO:0006281,stress response,CGI_10023761,140,102,133,285,225,302
CGI_10005889,28.2962334895833,Q92759,General transcription factor IIH subunit 4,GO:0006974,stress response,CGI_10005889,26,17,11,73,31,19
CGI_10020490,1302.05601317837,Q9Y6W6,Dual specificity protein phosphatase 10,GO:0007254,stress response,CGI_10020490,3023,3518,2528,328,81,80
CGI_10009776,26.1111307987967,Q9V818,Probable G-protein coupled receptor Mth-like 3,GO:0006950,stress response,CGI_10009776,19,21,13,67,35,11
CGI_10000165,57.1222916261774,Q9NWZ3,Interleukin-1 receptor-associated kinase 4,GO:0045087,stress response,CGI_10000165,155,101,77,41,17,17
CGI_10000166,72.0939115320227,Q9NWZ3,Interleukin-1 receptor-associated kinase 4,GO:0045087,stress response,CGI_10000166,205,184,87,55,8,7
CGI_10018046,180.997387804041,Q9NWZ3,Interleukin-1 receptor-associated kinase 4,GO:0045087,stress response,CGI_10018046,428,367,318,139,16,42
CGI_10002662,186.860648401676,P51948,CDK-activating kinase assembly factor MAT1,GO:0000718,stress response,CGI_10002662,223,98,77,384,224,133
CGI_10016955,1285.37838080566,Q14164,Inhibitor of nuclear factor kappa-B kinase subunit epsilon,GO:0045087,stress response,CGI_10016955,3026,2683,1821,999,372,298
CGI_10024637,20.0915458249977,E1C2Z0,Protein MMS22-like,GO:0006974,stress response,CGI_10024637,8,9,10,67,15,17
CGI_10019584,485.499865267263,P43686,26S protease regulatory subunit 6B,GO:0006977,stress response,CGI_10019584,456,322,254,902,463,452
CGI_10026177,22.6970905660096,Q9JIM4,Dual specificity protein phosphatase 12,GO:0007254,stress response,CGI_10026177,15,15,16,45,22,20
CGI_10014894,84.1321612447084,Q8K203,Endonuclease 8-like 3,GO:0006289,stress response,CGI_10014894,48,39,35,110,171,52
CGI_10011080,784.349498841059,Q64433,"10 kDa heat shock protein, mitochondrial",GO:0006950,stress response,CGI_10011080,907,497,465,1665,588,695
CGI_10007635,112.474867529899,Q86QN6,Big defensin,GO:0042742,stress response,CGI_10007635,127,42,45,222,121,104
CGI_10010668,69.6717822875831,P20585,DNA mismatch repair protein Msh3,GO:0006298,stress response,CGI_10010668,70,52,32,151,64,57
CGI_10010918,722.143613392506,B2RUP2,Protein unc-13 homolog D,GO:0043320,stress response,CGI_10010918,1097,1323,1327,407,204,364
CGI_10022970,1349.06182778927,A8E5V9,Transmembrane protein 173,GO:0051607,stress response,CGI_10022970,2519,2747,1798,939,720,429
CGI_10012235,189.224851524398,Q8BG60,Thioredoxin-interacting protein,GO:0006979,stress response,CGI_10012235,416,359,384,193,37,8
CGI_10017582,19820.6695891291,P04792,Heat shock protein beta-1,GO:0006950,stress response,CGI_10017582,16267,10373,11653,20749,27270,19561
CGI_10027919,42.4490137652952,Q9NS73,MAP3K12-binding inhibitory protein 1,GO:0000173,stress response,CGI_10027919,36,24,26,77,66,23
CGI_10008245,177.49186034866,Q3L254,Protein Wnt-7b,GO:0007257,stress response,CGI_10008245,369,380,238,209,53,34
CGI_10015294,103.806960326379,P51452,Dual specificity protein phosphatase 3,GO:0051403,stress response,CGI_10015294,221,103,231,67,41,37
CGI_10015616,57.6025590163089,P51452,Dual specificity protein phosphatase 3,GO:0051403,stress response,CGI_10015616,86,98,124,38,27,14
CGI_10020751,210.909713482814,P51452,Dual specificity protein phosphatase 3,GO:0051403,stress response,CGI_10020751,130,132,147,353,385,86
CGI_10019719,25.9550612850314,Q689D1,Toll-like receptor 2,GO:0006954,stress response,CGI_10019719,25,6,11,80,12,28
CGI_10025070,19.538690556665,Q689D1,Toll-like receptor 2,GO:0006954,stress response,CGI_10025070,12,11,6,62,23,11
CGI_10006937,315.080562124388,Q99814,Endothelial PAS domain-containing protein 1,GO:0001666,stress response,CGI_10006937,676,562,510,419,67,61
CGI_10002510,122.512146976308,P00184,Cytochrome P450 1A1,GO:0001666,stress response,CGI_10002510,348,369,134,41,15,12
CGI_10016154,2854.75844876853,Q60769,Tumor necrosis factor alpha-induced protein 3,GO:0034140,stress response,CGI_10016154,6363,5279,5456,1936,400,785
CGI_10021567,2004.20608890637,P15330,Embryonic polarity protein dorsal,GO:0035006,stress response,CGI_10021567,5775,4065,3209,1062,327,325
CGI_10026695,890.40620721158,Q9QXM1,Junction-mediating and -regulatory protein,GO:0043620,stress response,CGI_10026695,1701,1512,1251,923,387,325
CGI_10024637,20.0915458249977,E1C2Z0,Protein MMS22-like,GO:0006281,stress response,CGI_10024637,8,9,10,67,15,17
CGI_10015868,1617.68641783812,Q9Y6P5,Sestrin-1,GO:0006974,stress response,CGI_10015868,3929,4190,2272,810,238,312
CGI_10027026,241.865686047617,P08799,Myosin-2 heavy chain,GO:0031154,stress response,CGI_10027026,586,240,578,208,47,58
CGI_10019040,15.4916837638647,P82600,Chorion peroxidase,GO:0042744,stress response,CGI_10019040,58,41,8,4,2,4
CGI_10003430,356.82501228594,Q00546,Tenascin-R,GO:0048692,stress response,CGI_10003430,1718,419,371,289,16,48
CGI_10007955,251.795399361639,O07552,Stress response protein nhaX,GO:0006950,stress response,CGI_10007955,103,60,77,155,418,339
CGI_10007956,71.0552191415656,O07552,Stress response protein nhaX,GO:0006950,stress response,CGI_10007956,46,50,50,87,73,78
CGI_10004837,133.548660136011,Q04861,Nuclear factor NF-kappa-B p105 subunit,GO:0002224,stress response,CGI_10004837,297,167,349,53,18,39
CGI_10016949,3394.35801357187,Q04861,Nuclear factor NF-kappa-B p105 subunit,GO:0002224,stress response,CGI_10016949,9877,5857,4097,3895,483,941
CGI_10002662,186.860648401676,P51948,CDK-activating kinase assembly factor MAT1,GO:0006289,stress response,CGI_10002662,223,98,77,384,224,133
CGI_10014861,882.071952598336,P61088,Ubiquitin-conjugating enzyme E2 N,GO:0006282,stress response,CGI_10014861,933,676,774,1404,725,756
CGI_10024441,128.51662477437,Q15661,Tryptase alpha/beta-1,GO:0006952,stress response,CGI_10024441,288,252,189,115,47,26
CGI_10001132,52.7615150971797,Q13263,Transcription intermediary factor 1-beta,GO:0045739,stress response,CGI_10001132,24,26,11,94,79,51
CGI_10010217,30.5208800738535,Q13263,Transcription intermediary factor 1-beta,GO:0045739,stress response,CGI_10010217,17,22,15,65,28,30
CGI_10007082,44.7222907478537,Q13263,Transcription intermediary factor 1-beta,GO:0045739,stress response,CGI_10007082,55,27,17,108,31,41
CGI_10006185,74.8044471706068,Q5ZJB4,Inhibitor of nuclear factor kappa-B kinase subunit alpha,GO:0034146,stress response,CGI_10006185,168,145,96,72,37,14
CGI_10006263,578.643911551416,Q9QZR5,Homeodomain-interacting protein kinase 2,GO:0046330,stress response,CGI_10006263,1162,1461,788,494,107,136
CGI_10003897,232.249032506526,Q15418,Ribosomal protein S6 kinase alpha-1,GO:0045087,stress response,CGI_10003897,371,505,310,284,94,59
CGI_10026092,133.294388954684,Q99836,Myeloid differentiation primary response protein MyD88,GO:0045087,stress response,CGI_10026092,321,246,157,171,35,37
CGI_10003308,242.649986903863,P49139,MAP kinase-activated protein kinase 2,GO:0006950,stress response,CGI_10003308,456,465,463,183,71,56
CGI_10026695,890.40620721158,Q9QXM1,Junction-mediating and -regulatory protein,GO:0006974,stress response,CGI_10026695,1701,1512,1251,923,387,325
CGI_10024858,149.757723747585,Q8MJ08,Prostaglandin E2 receptor EP4 subtype,GO:0050728,stress response,CGI_10024858,109,126,38,245,292,63
CGI_10003897,232.249032506526,Q15418,Ribosomal protein S6 kinase alpha-1,GO:0051403,stress response,CGI_10003897,371,505,310,284,94,59
CGI_10023359,224.843566020641,P20241,Neuroglian,GO:0035011,stress response,CGI_10023359,410,654,203,232,80,39
CGI_10026695,890.40620721158,Q9QXM1,Junction-mediating and -regulatory protein,GO:0006281,stress response,CGI_10026695,1701,1512,1251,923,387,325
CGI_10026714,88.76530293795,Q9UHC1,DNA mismatch repair protein Mlh3,GO:0006281,stress response,CGI_10026714,164,219,141,54,23,21
CGI_10004811,1132.923753221,Q05655,Protein kinase C delta type,GO:0007596,stress response,CGI_10004811,3238,1699,2648,480,123,125
CGI_10009157,106.388280324407,Q5E9A5,Growth arrest and DNA damage-inducible protein GADD45 beta,GO:0006950,stress response,CGI_10009157,340,112,201,83,22,23
CGI_10028328,94.4232543385279,Q8WTR2,Dual specificity protein phosphatase 19,GO:0043508,stress response,CGI_10028328,195,123,238,58,15,26
CGI_10003308,242.649986903863,P49139,MAP kinase-activated protein kinase 2,GO:0006974,stress response,CGI_10003308,456,465,463,183,71,56
CGI_10016954,334.786240006888,Q9WUN2,Serine/threonine-protein kinase TBK1,GO:0002218,stress response,CGI_10016954,682,501,497,401,106,133
CGI_10028815,62.1489413356612,Q58CU3,HSPB1-associated protein 1,GO:0006950,stress response,CGI_10028815,55,48,23,113,81,46
CGI_10015294,103.806960326379,P51452,Dual specificity protein phosphatase 3,GO:0034134,stress response,CGI_10015294,221,103,231,67,41,37
CGI_10015616,57.6025590163089,P51452,Dual specificity protein phosphatase 3,GO:0034134,stress response,CGI_10015616,86,98,124,38,27,14
CGI_10020751,210.909713482814,P51452,Dual specificity protein phosphatase 3,GO:0034134,stress response,CGI_10020751,130,132,147,353,385,86
CGI_10028697,45.7382971918988,Q53HV7,Single-strand selective monofunctional uracil DNA glycosylase,GO:0006281,stress response,CGI_10028697,107,85,63,59,9,11
CGI_10023576,17.1762570448327,Q9NUS5,Protein C20orf29,GO:0006974,stress response,CGI_10023576,11,4,11,31,21,17
CGI_10000165,57.1222916261774,Q9NWZ3,Interleukin-1 receptor-associated kinase 4,GO:0034130,stress response,CGI_10000165,155,101,77,41,17,17
CGI_10000166,72.0939115320227,Q9NWZ3,Interleukin-1 receptor-associated kinase 4,GO:0034130,stress response,CGI_10000166,205,184,87,55,8,7
CGI_10018046,180.997387804041,Q9NWZ3,Interleukin-1 receptor-associated kinase 4,GO:0034130,stress response,CGI_10018046,428,367,318,139,16,42
CGI_10019751,67.5737583837096,Q9DE46,DNA polymerase alpha catalytic subunit,GO:0000731,stress response,CGI_10019751,55,40,35,112,117,35
CGI_10020124,84.3978684253882,P20918,Plasminogen,GO:0007596,stress response,CGI_10020124,48,27,51,112,83,113
CGI_10026312,215.85332576739,Q8QZR1,Tyrosine aminotransferase,GO:0006979,stress response,CGI_10026312,404,384,360,100,66,110
CGI_10008500,33.8884806448396,A2BD94,F-box only protein 31-B,GO:0006974,stress response,CGI_10008500,33,18,16,112,37,13
CGI_10006848,1523.53616930957,P35611,Alpha-adducin,GO:0006987,stress response,CGI_10006848,2984,3213,1971,1581,547,423
CGI_10012307,322.180621630776,A8WQH2,Peroxidasin homolog,GO:0006979,stress response,CGI_10012307,1031,684,314,222,129,31
CGI_10004760,479.167364899606,Q61315,Adenomatous polyposis coli protein,GO:0006974,stress response,CGI_10004760,965,972,550,626,162,137
CGI_10025604,163.97844837406,O75460,Serine/threonine-protein kinase/endoribonuclease IRE1,GO:0030968,stress response,CGI_10025604,424,280,255,160,38,36
CGI_10016154,2854.75844876853,Q60769,Tumor necrosis factor alpha-induced protein 3,GO:0009611,stress response,CGI_10016154,6363,5279,5456,1936,400,785
CGI_10008467,24.6882029135924,Q8QHA5,DNA2-like helicase,GO:0006284,stress response,CGI_10008467,23,2,10,84,21,19
CGI_10005058,89.3760678628951,Q9ERD9,"Indoleamine 2,3-dioxygenase 1",GO:0006954,stress response,CGI_10005058,105,54,53,190,79,71
CGI_10002640,285.02836291591,O15315,DNA repair protein RAD51 homolog 2,GO:0006281,stress response,CGI_10002640,147,124,123,356,452,281
CGI_10003897,232.249032506526,Q15418,Ribosomal protein S6 kinase alpha-1,GO:0034142,stress response,CGI_10003897,371,505,310,284,94,59
CGI_10013249,232.731819266876,Q9UKK3,Poly [ADP-ribose] polymerase 4,GO:0006281,stress response,CGI_10013249,465,427,312,307,76,66
CGI_10006861,20.9528375763776,P40692,DNA mismatch repair protein Mlh1,GO:0006298,stress response,CGI_10006861,50,33,32,18,11,4
CGI_10028611,79.7850304487621,P54277,PMS1 protein homolog 1,GO:0006298,stress response,CGI_10028611,98,60,53,178,62,57
CGI_10025371,184.851783050977,O75575,DNA-directed RNA polymerase III subunit RPC9,GO:0045087,stress response,CGI_10025371,194,101,143,337,166,161
CGI_10025371,184.851783050977,O75575,DNA-directed RNA polymerase III subunit RPC9,GO:0006954,stress response,CGI_10025371,194,101,143,337,166,161
CGI_10027348,61.4770203004214,Q9UBL0,cAMP-regulated phosphoprotein 21,GO:0034605,stress response,CGI_10027348,121,150,72,60,18,16
CGI_10000165,57.1222916261774,Q9NWZ3,Interleukin-1 receptor-associated kinase 4,GO:0002755,stress response,CGI_10000165,155,101,77,41,17,17
CGI_10000166,72.0939115320227,Q9NWZ3,Interleukin-1 receptor-associated kinase 4,GO:0002755,stress response,CGI_10000166,205,184,87,55,8,7
CGI_10018046,180.997387804041,Q9NWZ3,Interleukin-1 receptor-associated kinase 4,GO:0002755,stress response,CGI_10018046,428,367,318,139,16,42
CGI_10008500,33.8884806448396,A2BD94,F-box only protein 31-B,GO:0031571,stress response,CGI_10008500,33,18,16,112,37,13
CGI_10026609,120.355809207055,Q02338,"D-beta-hydroxybutyrate dehydrogenase, mitochondrial",GO:0042594,stress response,CGI_10026609,173,210,218,104,69,32
CGI_10017553,1416.10783277473,Q16829,Dual specificity protein phosphatase 7,GO:0002756,stress response,CGI_10017553,2936,2922,1932,1556,399,363
CGI_10002038,309.894562687825,Q9UDY8,Mucosa-associated lymphoid tissue lymphoma translocation protein 1,GO:0006952,stress response,CGI_10002038,992,613,373,339,56,18
CGI_10026092,133.294388954684,Q99836,Myeloid differentiation primary response protein MyD88,GO:0034142,stress response,CGI_10026092,321,246,157,171,35,37
CGI_10005289,58.915415113629,Q7Z3C6,Autophagy-related protein 9A,GO:0000045,stress response,CGI_10005289,136,101,93,50,17,18
CGI_10001975,1244.16886658838,Q70PU1,Peptidoglycan-recognition protein SC2,GO:0045087,stress response,CGI_10001975,1963,2229,2889,932,234,323
CGI_10010029,351.015555140851,Q8WVM8,Sec1 family domain-containing protein 1,GO:0001666,stress response,CGI_10010029,740,479,488,414,168,129
CGI_10005889,28.2962334895833,Q92759,General transcription factor IIH subunit 4,GO:0006289,stress response,CGI_10005889,26,17,11,73,31,19
CGI_10022804,234.360114561361,P70587,Leucine-rich repeat-containing protein 7,GO:0006950,stress response,CGI_10022804,456,388,430,330,44,47
CGI_10002640,285.02836291591,O15315,DNA repair protein RAD51 homolog 2,GO:0006974,stress response,CGI_10002640,147,124,123,356,452,281
CGI_10022651,1129.28762983919,O89049,"Thioredoxin reductase 1, cytoplasmic",GO:0048678,stress response,CGI_10022651,2989,2188,1646,958,217,249
CGI_10026985,2221.45631990722,Q9UGM3,Deleted in malignant brain tumors 1 protein,GO:0002221,stress response,CGI_10026985,6752,2619,3930,2011,404,552
CGI_10020700,44.2185270840593,Q9UGM3,Deleted in malignant brain tumors 1 protein,GO:0002221,stress response,CGI_10020700,29,33,21,56,80,27
CGI_10013874,1044.23962929572,Q9UGM3,Deleted in malignant brain tumors 1 protein,GO:0002221,stress response,CGI_10013874,2118,1723,1884,1007,440,188
CGI_10014861,882.071952598336,P61088,Ubiquitin-conjugating enzyme E2 N,GO:0000724,stress response,CGI_10014861,933,676,774,1404,725,756
CGI_10006861,20.9528375763776,P40692,DNA mismatch repair protein Mlh1,GO:0006303,stress response,CGI_10006861,50,33,32,18,11,4
CGI_10014861,882.071952598336,P61088,Ubiquitin-conjugating enzyme E2 N,GO:0002755,stress response,CGI_10014861,933,676,774,1404,725,756
CGI_10023961,153.385054682695,O89110,Caspase-8,GO:0009409,stress response,CGI_10023961,244,316,188,147,69,65
CGI_10010240,1049.14673536336,Q9VEG6,Chorion peroxidase,GO:0042744,stress response,CGI_10010240,2427,2356,2195,521,15,143
CGI_10017426,386.729683912363,Q9VEG6,Chorion peroxidase,GO:0042744,stress response,CGI_10017426,466,1218,638,353,51,43
CGI_10021733,497.392210724403,Q9VEG6,Chorion peroxidase,GO:0042744,stress response,CGI_10021733,1629,905,735,441,17,72
CGI_10014861,882.071952598336,P61088,Ubiquitin-conjugating enzyme E2 N,GO:0034130,stress response,CGI_10014861,933,676,774,1404,725,756
CGI_10014491,615.393958351685,Q6B9X6,Alpha-protein kinase vwkA,GO:0031156,stress response,CGI_10014491,2154,925,1062,469,59,50
CGI_10026092,133.294388954684,Q99836,Myeloid differentiation primary response protein MyD88,GO:0006954,stress response,CGI_10026092,321,246,157,171,35,37
CGI_10026909,308.228264532561,Q01664,Transcription factor AP-4,GO:0006978,stress response,CGI_10026909,611,601,449,413,76,71
CGI_10028457,254.170260075121,Q29RP1,Ubiquitin carboxyl-terminal hydrolase 1,GO:0006282,stress response,CGI_10028457,309,162,194,486,250,174
CGI_10007635,112.474867529899,Q86QN6,Big defensin,GO:0006952,stress response,CGI_10007635,127,42,45,222,121,104
CGI_10016785,109.778290354552,Q62388,Serine-protein kinase ATM,GO:0031572,stress response,CGI_10016785,70,84,70,138,109,123
CGI_10028328,94.4232543385279,Q8WTR2,Dual specificity protein phosphatase 19,GO:0007254,stress response,CGI_10028328,195,123,238,58,15,26
CGI_10017307,226.063902257107,P04179,"Superoxide dismutase [Mn], mitochondrial",GO:0042542,stress response,CGI_10017307,224,189,155,281,269,182
CGI_10018220,414.155816034045,P52434,"DNA-directed RNA polymerases I, II, and III subunit RPABC3",GO:0006283,stress response,CGI_10018220,876,700,877,235,124,85
CGI_10028697,45.7382971918988,Q53HV7,Single-strand selective monofunctional uracil DNA glycosylase,GO:0006284,stress response,CGI_10028697,107,85,63,59,9,11
CGI_10014861,882.071952598336,P61088,Ubiquitin-conjugating enzyme E2 N,GO:0006301,stress response,CGI_10014861,933,676,774,1404,725,756
CGI_10007683,372.028182299169,Q8R455,Transient receptor potential cation channel subfamily M member 8,GO:0009409,stress response,CGI_10007683,412,338,261,721,430,186
CGI_10011147,23.2452396688121,P38977,Antistasin,GO:0007596,stress response,CGI_10011147,53,37,50,17,1,7
CGI_10000165,57.1222916261774,Q9NWZ3,Interleukin-1 receptor-associated kinase 4,GO:0034134,stress response,CGI_10000165,155,101,77,41,17,17
CGI_10000166,72.0939115320227,Q9NWZ3,Interleukin-1 receptor-associated kinase 4,GO:0034134,stress response,CGI_10000166,205,184,87,55,8,7
CGI_10018046,180.997387804041,Q9NWZ3,Interleukin-1 receptor-associated kinase 4,GO:0034134,stress response,CGI_10018046,428,367,318,139,16,42
CGI_10012306,58.6293436733849,P11678,Eosinophil peroxidase,GO:0006979,stress response,CGI_10012306,184,139,94,17,6,3
CGI_10026934,253.456778355469,P11678,Eosinophil peroxidase,GO:0006979,stress response,CGI_10026934,486,259,860,45,19,58
CGI_10018748,49.6375753918756,Q5IS54,Caspase-3,GO:0009611,stress response,CGI_10018748,101,97,57,50,22,17
CGI_10023761,229.566974127481,Q9JIL8,DNA repair protein RAD50,GO:0006974,stress response,CGI_10023761,140,102,133,285,225,302
CGI_10024989,971.695066531661,Q8BKX6,Serine/threonine-protein kinase SMG1,GO:0006950,stress response,CGI_10024989,1747,1954,1495,1393,251,179
CGI_10001132,52.7615150971797,Q13263,Transcription intermediary factor 1-beta,GO:0006281,stress response,CGI_10001132,24,26,11,94,79,51
CGI_10010217,30.5208800738535,Q13263,Transcription intermediary factor 1-beta,GO:0006281,stress response,CGI_10010217,17,22,15,65,28,30
CGI_10007082,44.7222907478537,Q13263,Transcription intermediary factor 1-beta,GO:0006281,stress response,CGI_10007082,55,27,17,108,31,41
CGI_10010861,145.655272902116,P35408,Prostaglandin E2 receptor EP4 subtype,GO:0050729,stress response,CGI_10010861,64,113,19,535,112,107
CGI_10027614,566.2025630805,P35408,Prostaglandin E2 receptor EP4 subtype,GO:0050729,stress response,CGI_10027614,978,962,1359,268,67,203
CGI_10003308,242.649986903863,P49139,MAP kinase-activated protein kinase 2,GO:0031572,stress response,CGI_10003308,456,465,463,183,71,56
CGI_10017307,226.063902257107,P04179,"Superoxide dismutase [Mn], mitochondrial",GO:0000302,stress response,CGI_10017307,224,189,155,281,269,182
CGI_10028272,152.19132658835,P05164,Myeloperoxidase,GO:0002679,stress response,CGI_10028272,430,185,272,147,47,28
CGI_10017097,56.3312839349558,Q2T9S3,DNA-directed RNA polymerase III subunit RPC6,GO:0045087,stress response,CGI_10017097,53,42,27,101,55,52
CGI_10017151,152.924602347186,O93530,Werner syndrome ATP-dependent helicase homolog,GO:0006974,stress response,CGI_10017151,533,65,351,144,19,29
CGI_10009603,191.591886695587,Q80VI1,E3 ubiquitin-protein ligase TRIM56,GO:0051607,stress response,CGI_10009603,183,366,561,79,58,30
CGI_10006485,152.483192323999,Q9UNA4,DNA polymerase iota,GO:0006281,stress response,CGI_10006485,127,54,60,204,246,134
CGI_10005889,28.2962334895833,Q92759,General transcription factor IIH subunit 4,GO:0000718,stress response,CGI_10005889,26,17,11,73,31,19
CGI_10014328,531.637348176471,Q91YD4,Transient receptor potential cation channel subfamily M member 2,GO:0033194,stress response,CGI_10014328,305,136,105,1955,956,73
CGI_10020490,1302.05601317837,Q9Y6W6,Dual specificity protein phosphatase 10,GO:0043508,stress response,CGI_10020490,3023,3518,2528,328,81,80
CGI_10026092,133.294388954684,Q99836,Myeloid differentiation primary response protein MyD88,GO:0050727,stress response,CGI_10026092,321,246,157,171,35,37
CGI_10000165,57.1222916261774,Q9NWZ3,Interleukin-1 receptor-associated kinase 4,GO:0007254,stress response,CGI_10000165,155,101,77,41,17,17
CGI_10000166,72.0939115320227,Q9NWZ3,Interleukin-1 receptor-associated kinase 4,GO:0007254,stress response,CGI_10000166,205,184,87,55,8,7
CGI_10018046,180.997387804041,Q9NWZ3,Interleukin-1 receptor-associated kinase 4,GO:0007254,stress response,CGI_10018046,428,367,318,139,16,42
CGI_10019790,1126.08785337496,B0BNA5,Coactosin-like protein,GO:0050832,stress response,CGI_10019790,752,679,549,2601,1443,755
CGI_10023920,252.287492988602,Q498J5,Mitochondria-eating protein,GO:0006974,stress response,CGI_10023920,511,631,268,247,91,55
CGI_10016955,1285.37838080566,Q14164,Inhibitor of nuclear factor kappa-B kinase subunit epsilon,GO:0034142,stress response,CGI_10016955,3026,2683,1821,999,372,298
CGI_10017151,152.924602347186,O93530,Werner syndrome ATP-dependent helicase homolog,GO:0006281,stress response,CGI_10017151,533,65,351,144,19,29
CGI_10026121,83.6405290929882,P51661,Corticosteroid 11-beta-dehydrogenase isozyme 2,GO:0001666,stress response,CGI_10026121,95,192,142,57,41,26
CGI_10013774,186.089603492163,Q7Z2W4,Zinc finger CCCH-type antiviral protein 1,GO:0050691,stress response,CGI_10013774,331,438,230,199,62,50
CGI_10015060,392.977162574756,P50533,Structural maintenance of chromosomes protein 2,GO:0006281,stress response,CGI_10015060,386,304,278,879,379,248
CGI_10027605,746.217832583348,P55008,Allograft inflammatory factor 1,GO:0048678,stress response,CGI_10027605,450,281,705,1308,558,857
CGI_10006021,63.2318241326511,Q1ZXH8,Guanine exchange factor for Rac 30,GO:0031152,stress response,CGI_10006021,129,149,65,67,28,13
CGI_10020367,85.1092111500783,P32240,Prostaglandin E2 receptor EP4 subtype,GO:0050729,stress response,CGI_10020367,97,55,44,172,105,52
